id,date,year,quarter,month,month_name,day,day_of_week,day_name,week_of_year,is_weekend
1,2023-01-01,2023,1,1,January,1,6,Sunday,52,1
2,2023-01-02,2023,1,1,January,2,0,Monday,1,0
3,2023-01-03,2023,1,1,January,3,1,Tuesday,1,0
4,2023-01-04,2023,1,1,January,4,2,Wednesday,1,0
5,2023-01-05,2023,1,1,January,5,3,Thursday,1,0
6,2023-01-06,2023,1,1,January,6,4,Friday,1,0
7,2023-01-07,2023,1,1,January,7,5,Saturday,1,1
8,2023-01-08,2023,1,1,January,8,6,Sunday,1,1
9,2023-01-09,2023,1,1,January,9,0,Monday,2,0
10,2023-01-10,2023,1,1,January,10,1,Tuesday,2,0
11,2023-01-11,2023,1,1,January,11,2,Wednesday,2,0
12,2023-01-12,2023,1,1,January,12,3,Thursday,2,0
13,2023-01-13,2023,1,1,January,13,4,Friday,2,0
14,2023-01-14,2023,1,1,January,14,5,Saturday,2,1
15,2023-01-15,2023,1,1,January,15,6,Sunday,2,1
16,2023-01-16,2023,1,1,January,16,0,Monday,3,0
17,2023-01-17,2023,1,1,January,17,1,Tuesday,3,0
18,2023-01-18,2023,1,1,January,18,2,Wednesday,3,0
19,2023-01-19,2023,1,1,January,19,3,Thursday,3,0
20,2023-01-20,2023,1,1,January,20,4,Friday,3,0
21,2023-01-21,2023,1,1,January,21,5,Saturday,3,1
22,2023-01-22,2023,1,1,January,22,6,Sunday,3,1
23,2023-01-23,2023,1,1,January,23,0,Monday,4,0
24,2023-01-24,2023,1,1,January,24,1,Tuesday,4,0
25,2023-01-25,2023,1,1,January,25,2,Wednesday,4,0
26,2023-01-26,2023,1,1,January,26,3,Thursday,4,0
27,2023-01-27,2023,1,1,January,27,4,Friday,4,0
28,2023-01-28,2023,1,1,January,28,5,Saturday,4,1
29,2023-01-29,2023,1,1,January,29,6,Sunday,4,1
30,2023-01-30,2023,1,1,January,30,0,Monday,5,0
31,2023-01-31,2023,1,1,January,31,1,Tuesday,5,0
32,2023-02-01,2023,1,2,February,1,2,Wednesday,5,0
33,2023-02-02,2023,1,2,February,2,3,Thursday,5,0
34,2023-02-03,2023,1,2,February,3,4,Friday,5,0
35,2023-02-04,2023,1,2,February,4,5,Saturday,5,1
36,2023-02-05,2023,1,2,February,5,6,Sunday,5,1
37,2023-02-06,2023,1,2,February,6,0,Monday,6,0
38,2023-02-07,2023,1,2,February,7,1,Tuesday,6,0
39,2023-02-08,2023,1,2,February,8,2,Wednesday,6,0
40,2023-02-09,2023,1,2,February,9,3,Thursday,6,0
41,2023-02-10,2023,1,2,February,10,4,Friday,6,0
42,2023-02-11,2023,1,2,February,11,5,Saturday,6,1
43,2023-02-12,2023,1,2,February,12,6,Sunday,6,1
44,2023-02-13,2023,1,2,February,13,0,Monday,7,0
45,2023-02-14,2023,1,2,February,14,1,Tuesday,7,0
46,2023-02-15,2023,1,2,February,15,2,Wednesday,7,0
47,2023-02-16,2023,1,2,February,16,3,Thursday,7,0
48,2023-02-17,2023,1,2,February,17,4,Friday,7,0
49,2023-02-18,2023,1,2,February,18,5,Saturday,7,1
50,2023-02-19,2023,1,2,February,19,6,Sunday,7,1
51,2023-02-20,2023,1,2,February,20,0,Monday,8,0
52,2023-02-21,2023,1,2,February,21,1,Tuesday,8,0
53,2023-02-22,2023,1,2,February,22,2,Wednesday,8,0
54,2023-02-23,2023,1,2,February,23,3,Thursday,8,0
55,2023-02-24,2023,1,2,February,24,4,Friday,8,0
56,2023-02-25,2023,1,2,February,25,5,Saturday,8,1
57,2023-02-26,2023,1,2,February,26,6,Sunday,8,1
58,2023-02-27,2023,1,2,February,27,0,Monday,9,0
59,2023-02-28,2023,1,2,February,28,1,Tuesday,9,0
60,2023-03-01,2023,1,3,March,1,2,Wednesday,9,0
61,2023-03-02,2023,1,3,March,2,3,Thursday,9,0
62,2023-03-03,2023,1,3,March,3,4,Friday,9,0
63,2023-03-04,2023,1,3,March,4,5,Saturday,9,1
64,2023-03-05,2023,1,3,March,5,6,Sunday,9,1
65,2023-03-06,2023,1,3,March,6,0,Monday,10,0
66,2023-03-07,2023,1,3,March,7,1,Tuesday,10,0
67,2023-03-08,2023,1,3,March,8,2,Wednesday,10,0
68,2023-03-09,2023,1,3,March,9,3,Thursday,10,0
69,2023-03-10,2023,1,3,March,10,4,Friday,10,0
70,2023-03-11,2023,1,3,March,11,5,Saturday,10,1
71,2023-03-12,2023,1,3,March,12,6,Sunday,10,1
72,2023-03-13,2023,1,3,March,13,0,Monday,11,0
73,2023-03-14,2023,1,3,March,14,1,Tuesday,11,0
74,2023-03-15,2023,1,3,March,15,2,Wednesday,11,0
75,2023-03-16,2023,1,3,March,16,3,Thursday,11,0
76,2023-03-17,2023,1,3,March,17,4,Friday,11,0
77,2023-03-18,2023,1,3,March,18,5,Saturday,11,1
78,2023-03-19,2023,1,3,March,19,6,Sunday,11,1
79,2023-03-20,2023,1,3,March,20,0,Monday,12,0
80,2023-03-21,2023,1,3,March,21,1,Tuesday,12,0
81,2023-03-22,2023,1,3,March,22,2,Wednesday,12,0
82,2023-03-23,2023,1,3,March,23,3,Thursday,12,0
83,2023-03-24,2023,1,3,March,24,4,Friday,12,0
84,2023-03-25,2023,1,3,March,25,5,Saturday,12,1
85,2023-03-26,2023,1,3,March,26,6,Sunday,12,1
86,2023-03-27,2023,1,3,March,27,0,Monday,13,0
87,2023-03-28,2023,1,3,March,28,1,Tuesday,13,0
88,2023-03-29,2023,1,3,March,29,2,Wednesday,13,0
89,2023-03-30,2023,1,3,March,30,3,Thursday,13,0
90,2023-03-31,2023,1,3,March,31,4,Friday,13,0
91,2023-04-01,2023,2,4,April,1,5,Saturday,13,1
92,2023-04-02,2023,2,4,April,2,6,Sunday,13,1
93,2023-04-03,2023,2,4,April,3,0,Monday,14,0
94,2023-04-04,2023,2,4,April,4,1,Tuesday,14,0
95,2023-04-05,2023,2,4,April,5,2,Wednesday,14,0
96,2023-04-06,2023,2,4,April,6,3,Thursday,14,0
97,2023-04-07,2023,2,4,April,7,4,Friday,14,0
98,2023-04-08,2023,2,4,April,8,5,Saturday,14,1
99,2023-04-09,2023,2,4,April,9,6,Sunday,14,1
100,2023-04-10,2023,2,4,April,10,0,Monday,15,0
101,2023-04-11,2023,2,4,April,11,1,Tuesday,15,0
102,2023-04-12,2023,2,4,April,12,2,Wednesday,15,0
103,2023-04-13,2023,2,4,April,13,3,Thursday,15,0
104,2023-04-14,2023,2,4,April,14,4,Friday,15,0
105,2023-04-15,2023,2,4,April,15,5,Saturday,15,1
106,2023-04-16,2023,2,4,April,16,6,Sunday,15,1
107,2023-04-17,2023,2,4,April,17,0,Monday,16,0
108,2023-04-18,2023,2,4,April,18,1,Tuesday,16,0
109,2023-04-19,2023,2,4,April,19,2,Wednesday,16,0
110,2023-04-20,2023,2,4,April,20,3,Thursday,16,0
111,2023-04-21,2023,2,4,April,21,4,Friday,16,0
112,2023-04-22,2023,2,4,April,22,5,Saturday,16,1
113,2023-04-23,2023,2,4,April,23,6,Sunday,16,1
114,2023-04-24,2023,2,4,April,24,0,Monday,17,0
115,2023-04-25,2023,2,4,April,25,1,Tuesday,17,0
116,2023-04-26,2023,2,4,April,26,2,Wednesday,17,0
117,2023-04-27,2023,2,4,April,27,3,Thursday,17,0
118,2023-04-28,2023,2,4,April,28,4,Friday,17,0
119,2023-04-29,2023,2,4,April,29,5,Saturday,17,1
120,2023-04-30,2023,2,4,April,30,6,Sunday,17,1
121,2023-05-01,2023,2,5,May,1,0,Monday,18,0
122,2023-05-02,2023,2,5,May,2,1,Tuesday,18,0
123,2023-05-03,2023,2,5,May,3,2,Wednesday,18,0
124,2023-05-04,2023,2,5,May,4,3,Thursday,18,0
125,2023-05-05,2023,2,5,May,5,4,Friday,18,0
126,2023-05-06,2023,2,5,May,6,5,Saturday,18,1
127,2023-05-07,2023,2,5,May,7,6,Sunday,18,1
128,2023-05-08,2023,2,5,May,8,0,Monday,19,0
129,2023-05-09,2023,2,5,May,9,1,Tuesday,19,0
130,2023-05-10,2023,2,5,May,10,2,Wednesday,19,0
131,2023-05-11,2023,2,5,May,11,3,Thursday,19,0
132,2023-05-12,2023,2,5,May,12,4,Friday,19,0
133,2023-05-13,2023,2,5,May,13,5,Saturday,19,1
134,2023-05-14,2023,2,5,May,14,6,Sunday,19,1
135,2023-05-15,2023,2,5,May,15,0,Monday,20,0
136,2023-05-16,2023,2,5,May,16,1,Tuesday,20,0
137,2023-05-17,2023,2,5,May,17,2,Wednesday,20,0
138,2023-05-18,2023,2,5,May,18,3,Thursday,20,0
139,2023-05-19,2023,2,5,May,19,4,Friday,20,0
140,2023-05-20,2023,2,5,May,20,5,Saturday,20,1
141,2023-05-21,2023,2,5,May,21,6,Sunday,20,1
142,2023-05-22,2023,2,5,May,22,0,Monday,21,0
143,2023-05-23,2023,2,5,May,23,1,Tuesday,21,0
144,2023-05-24,2023,2,5,May,24,2,Wednesday,21,0
145,2023-05-25,2023,2,5,May,25,3,Thursday,21,0
146,2023-05-26,2023,2,5,May,26,4,Friday,21,0
147,2023-05-27,2023,2,5,May,27,5,Saturday,21,1
148,2023-05-28,2023,2,5,May,28,6,Sunday,21,1
149,2023-05-29,2023,2,5,May,29,0,Monday,22,0
150,2023-05-30,2023,2,5,May,30,1,Tuesday,22,0
151,2023-05-31,2023,2,5,May,31,2,Wednesday,22,0
152,2023-06-01,2023,2,6,June,1,3,Thursday,22,0
153,2023-06-02,2023,2,6,June,2,4,Friday,22,0
154,2023-06-03,2023,2,6,June,3,5,Saturday,22,1
155,2023-06-04,2023,2,6,June,4,6,Sunday,22,1
156,2023-06-05,2023,2,6,June,5,0,Monday,23,0
157,2023-06-06,2023,2,6,June,6,1,Tuesday,23,0
158,2023-06-07,2023,2,6,June,7,2,Wednesday,23,0
159,2023-06-08,2023,2,6,June,8,3,Thursday,23,0
160,2023-06-09,2023,2,6,June,9,4,Friday,23,0
161,2023-06-10,2023,2,6,June,10,5,Saturday,23,1
162,2023-06-11,2023,2,6,June,11,6,Sunday,23,1
163,2023-06-12,2023,2,6,June,12,0,Monday,24,0
164,2023-06-13,2023,2,6,June,13,1,Tuesday,24,0
165,2023-06-14,2023,2,6,June,14,2,Wednesday,24,0
166,2023-06-15,2023,2,6,June,15,3,Thursday,24,0
167,2023-06-16,2023,2,6,June,16,4,Friday,24,0
168,2023-06-17,2023,2,6,June,17,5,Saturday,24,1
169,2023-06-18,2023,2,6,June,18,6,Sunday,24,1
170,2023-06-19,2023,2,6,June,19,0,Monday,25,0
171,2023-06-20,2023,2,6,June,20,1,Tuesday,25,0
172,2023-06-21,2023,2,6,June,21,2,Wednesday,25,0
173,2023-06-22,2023,2,6,June,22,3,Thursday,25,0
174,2023-06-23,2023,2,6,June,23,4,Friday,25,0
175,2023-06-24,2023,2,6,June,24,5,Saturday,25,1
176,2023-06-25,2023,2,6,June,25,6,Sunday,25,1
177,2023-06-26,2023,2,6,June,26,0,Monday,26,0
178,2023-06-27,2023,2,6,June,27,1,Tuesday,26,0
179,2023-06-28,2023,2,6,June,28,2,Wednesday,26,0
180,2023-06-29,2023,2,6,June,29,3,Thursday,26,0
181,2023-06-30,2023,2,6,June,30,4,Friday,26,0
182,2023-07-01,2023,3,7,July,1,5,Saturday,26,1
183,2023-07-02,2023,3,7,July,2,6,Sunday,26,1
184,2023-07-03,2023,3,7,July,3,0,Monday,27,0
185,2023-07-04,2023,3,7,July,4,1,Tuesday,27,0
186,2023-07-05,2023,3,7,July,5,2,Wednesday,27,0
187,2023-07-06,2023,3,7,July,6,3,Thursday,27,0
188,2023-07-07,2023,3,7,July,7,4,Friday,27,0
189,2023-07-08,2023,3,7,July,8,5,Saturday,27,1
190,2023-07-09,2023,3,7,July,9,6,Sunday,27,1
191,2023-07-10,2023,3,7,July,10,0,Monday,28,0
192,2023-07-11,2023,3,7,July,11,1,Tuesday,28,0
193,2023-07-12,2023,3,7,July,12,2,Wednesday,28,0
194,2023-07-13,2023,3,7,July,13,3,Thursday,28,0
195,2023-07-14,2023,3,7,July,14,4,Friday,28,0
196,2023-07-15,2023,3,7,July,15,5,Saturday,28,1
197,2023-07-16,2023,3,7,July,16,6,Sunday,28,1
198,2023-07-17,2023,3,7,July,17,0,Monday,29,0
199,2023-07-18,2023,3,7,July,18,1,Tuesday,29,0
200,2023-07-19,2023,3,7,July,19,2,Wednesday,29,0
201,2023-07-20,2023,3,7,July,20,3,Thursday,29,0
202,2023-07-21,2023,3,7,July,21,4,Friday,29,0
203,2023-07-22,2023,3,7,July,22,5,Saturday,29,1
204,2023-07-23,2023,3,7,July,23,6,Sunday,29,1
205,2023-07-24,2023,3,7,July,24,0,Monday,30,0
206,2023-07-25,2023,3,7,July,25,1,Tuesday,30,0
207,2023-07-26,2023,3,7,July,26,2,Wednesday,30,0
208,2023-07-27,2023,3,7,July,27,3,Thursday,30,0
209,2023-07-28,2023,3,7,July,28,4,Friday,30,0
210,2023-07-29,2023,3,7,July,29,5,Saturday,30,1
211,2023-07-30,2023,3,7,July,30,6,Sunday,30,1
212,2023-07-31,2023,3,7,July,31,0,Monday,31,0
213,2023-08-01,2023,3,8,August,1,1,Tuesday,31,0
214,2023-08-02,2023,3,8,August,2,2,Wednesday,31,0
215,2023-08-03,2023,3,8,August,3,3,Thursday,31,0
216,2023-08-04,2023,3,8,August,4,4,Friday,31,0
217,2023-08-05,2023,3,8,August,5,5,Saturday,31,1
218,2023-08-06,2023,3,8,August,6,6,Sunday,31,1
219,2023-08-07,2023,3,8,August,7,0,Monday,32,0
220,2023-08-08,2023,3,8,August,8,1,Tuesday,32,0
221,2023-08-09,2023,3,8,August,9,2,Wednesday,32,0
222,2023-08-10,2023,3,8,August,10,3,Thursday,32,0
223,2023-08-11,2023,3,8,August,11,4,Friday,32,0
224,2023-08-12,2023,3,8,August,12,5,Saturday,32,1
225,2023-08-13,2023,3,8,August,13,6,Sunday,32,1
226,2023-08-14,2023,3,8,August,14,0,Monday,33,0
227,2023-08-15,2023,3,8,August,15,1,Tuesday,33,0
228,2023-08-16,2023,3,8,August,16,2,Wednesday,33,0
229,2023-08-17,2023,3,8,August,17,3,Thursday,33,0
230,2023-08-18,2023,3,8,August,18,4,Friday,33,0
231,2023-08-19,2023,3,8,August,19,5,Saturday,33,1
232,2023-08-20,2023,3,8,August,20,6,Sunday,33,1
233,2023-08-21,2023,3,8,August,21,0,Monday,34,0
234,2023-08-22,2023,3,8,August,22,1,Tuesday,34,0
235,2023-08-23,2023,3,8,August,23,2,Wednesday,34,0
236,2023-08-24,2023,3,8,August,24,3,Thursday,34,0
237,2023-08-25,2023,3,8,August,25,4,Friday,34,0
238,2023-08-26,2023,3,8,August,26,5,Saturday,34,1
239,2023-08-27,2023,3,8,August,27,6,Sunday,34,1
240,2023-08-28,2023,3,8,August,28,0,Monday,35,0
241,2023-08-29,2023,3,8,August,29,1,Tuesday,35,0
242,2023-08-30,2023,3,8,August,30,2,Wednesday,35,0
243,2023-08-31,2023,3,8,August,31,3,Thursday,35,0
244,2023-09-01,2023,3,9,September,1,4,Friday,35,0
245,2023-09-02,2023,3,9,September,2,5,Saturday,35,1
246,2023-09-03,2023,3,9,September,3,6,Sunday,35,1
247,2023-09-04,2023,3,9,September,4,0,Monday,36,0
248,2023-09-05,2023,3,9,September,5,1,Tuesday,36,0
249,2023-09-06,2023,3,9,September,6,2,Wednesday,36,0
250,2023-09-07,2023,3,9,September,7,3,Thursday,36,0
251,2023-09-08,2023,3,9,September,8,4,Friday,36,0
252,2023-09-09,2023,3,9,September,9,5,Saturday,36,1
253,2023-09-10,2023,3,9,September,10,6,Sunday,36,1
254,2023-09-11,2023,3,9,September,11,0,Monday,37,0
255,2023-09-12,2023,3,9,September,12,1,Tuesday,37,0
256,2023-09-13,2023,3,9,September,13,2,Wednesday,37,0
257,2023-09-14,2023,3,9,September,14,3,Thursday,37,0
258,2023-09-15,2023,3,9,September,15,4,Friday,37,0
259,2023-09-16,2023,3,9,September,16,5,Saturday,37,1
260,2023-09-17,2023,3,9,September,17,6,Sunday,37,1
261,2023-09-18,2023,3,9,September,18,0,Monday,38,0
262,2023-09-19,2023,3,9,September,19,1,Tuesday,38,0
263,2023-09-20,2023,3,9,September,20,2,Wednesday,38,0
264,2023-09-21,2023,3,9,September,21,3,Thursday,38,0
265,2023-09-22,2023,3,9,September,22,4,Friday,38,0
266,2023-09-23,2023,3,9,September,23,5,Saturday,38,1
267,2023-09-24,2023,3,9,September,24,6,Sunday,38,1
268,2023-09-25,2023,3,9,September,25,0,Monday,39,0
269,2023-09-26,2023,3,9,September,26,1,Tuesday,39,0
270,2023-09-27,2023,3,9,September,27,2,Wednesday,39,0
271,2023-09-28,2023,3,9,September,28,3,Thursday,39,0
272,2023-09-29,2023,3,9,September,29,4,Friday,39,0
273,2023-09-30,2023,3,9,September,30,5,Saturday,39,1
274,2023-10-01,2023,4,10,October,1,6,Sunday,39,1
275,2023-10-02,2023,4,10,October,2,0,Monday,40,0
276,2023-10-03,2023,4,10,October,3,1,Tuesday,40,0
277,2023-10-04,2023,4,10,October,4,2,Wednesday,40,0
278,2023-10-05,2023,4,10,October,5,3,Thursday,40,0
279,2023-10-06,2023,4,10,October,6,4,Friday,40,0
280,2023-10-07,2023,4,10,October,7,5,Saturday,40,1
281,2023-10-08,2023,4,10,October,8,6,Sunday,40,1
282,2023-10-09,2023,4,10,October,9,0,Monday,41,0
283,2023-10-10,2023,4,10,October,10,1,Tuesday,41,0
284,2023-10-11,2023,4,10,October,11,2,Wednesday,41,0
285,2023-10-12,2023,4,10,October,12,3,Thursday,41,0
286,2023-10-13,2023,4,10,October,13,4,Friday,41,0
287,2023-10-14,2023,4,10,October,14,5,Saturday,41,1
288,2023-10-15,2023,4,10,October,15,6,Sunday,41,1
289,2023-10-16,2023,4,10,October,16,0,Monday,42,0
290,2023-10-17,2023,4,10,October,17,1,Tuesday,42,0
291,2023-10-18,2023,4,10,October,18,2,Wednesday,42,0
292,2023-10-19,2023,4,10,October,19,3,Thursday,42,0
293,2023-10-20,2023,4,10,October,20,4,Friday,42,0
294,2023-10-21,2023,4,10,October,21,5,Saturday,42,1
295,2023-10-22,2023,4,10,October,22,6,Sunday,42,1
296,2023-10-23,2023,4,10,October,23,0,Monday,43,0
297,2023-10-24,2023,4,10,October,24,1,Tuesday,43,0
298,2023-10-25,2023,4,10,October,25,2,Wednesday,43,0
299,2023-10-26,2023,4,10,October,26,3,Thursday,43,0
300,2023-10-27,2023,4,10,October,27,4,Friday,43,0
301,2023-10-28,2023,4,10,October,28,5,Saturday,43,1
302,2023-10-29,2023,4,10,October,29,6,Sunday,43,1
303,2023-10-30,2023,4,10,October,30,0,Monday,44,0
304,2023-10-31,2023,4,10,October,31,1,Tuesday,44,0
305,2023-11-01,2023,4,11,November,1,2,Wednesday,44,0
306,2023-11-02,2023,4,11,November,2,3,Thursday,44,0
307,2023-11-03,2023,4,11,November,3,4,Friday,44,0
308,2023-11-04,2023,4,11,November,4,5,Saturday,44,1
309,2023-11-05,2023,4,11,November,5,6,Sunday,44,1
310,2023-11-06,2023,4,11,November,6,0,Monday,45,0
311,2023-11-07,2023,4,11,November,7,1,Tuesday,45,0
312,2023-11-08,2023,4,11,November,8,2,Wednesday,45,0
313,2023-11-09,2023,4,11,November,9,3,Thursday,45,0
314,2023-11-10,2023,4,11,November,10,4,Friday,45,0
315,2023-11-11,2023,4,11,November,11,5,Saturday,45,1
316,2023-11-12,2023,4,11,November,12,6,Sunday,45,1
317,2023-11-13,2023,4,11,November,13,0,Monday,46,0
318,2023-11-14,2023,4,11,November,14,1,Tuesday,46,0
319,2023-11-15,2023,4,11,November,15,2,Wednesday,46,0
320,2023-11-16,2023,4,11,November,16,3,Thursday,46,0
321,2023-11-17,2023,4,11,November,17,4,Friday,46,0
322,2023-11-18,2023,4,11,November,18,5,Saturday,46,1
323,2023-11-19,2023,4,11,November,19,6,Sunday,46,1
324,2023-11-20,2023,4,11,November,20,0,Monday,47,0
325,2023-11-21,2023,4,11,November,21,1,Tuesday,47,0
326,2023-11-22,2023,4,11,November,22,2,Wednesday,47,0
327,2023-11-23,2023,4,11,November,23,3,Thursday,47,0
328,2023-11-24,2023,4,11,November,24,4,Friday,47,0
329,2023-11-25,2023,4,11,November,25,5,Saturday,47,1
330,2023-11-26,2023,4,11,November,26,6,Sunday,47,1
331,2023-11-27,2023,4,11,November,27,0,Monday,48,0
332,2023-11-28,2023,4,11,November,28,1,Tuesday,48,0
333,2023-11-29,2023,4,11,November,29,2,Wednesday,48,0
334,2023-11-30,2023,4,11,November,30,3,Thursday,48,0
335,2023-12-01,2023,4,12,December,1,4,Friday,48,0
336,2023-12-02,2023,4,12,December,2,5,Saturday,48,1
337,2023-12-03,2023,4,12,December,3,6,Sunday,48,1
338,2023-12-04,2023,4,12,December,4,0,Monday,49,0
339,2023-12-05,2023,4,12,December,5,1,Tuesday,49,0
340,2023-12-06,2023,4,12,December,6,2,Wednesday,49,0
341,2023-12-07,2023,4,12,December,7,3,Thursday,49,0
342,2023-12-08,2023,4,12,December,8,4,Friday,49,0
343,2023-12-09,2023,4,12,December,9,5,Saturday,49,1
344,2023-12-10,2023,4,12,December,10,6,Sunday,49,1
345,2023-12-11,2023,4,12,December,11,0,Monday,50,0
346,2023-12-12,2023,4,12,December,12,1,Tuesday,50,0
347,2023-12-13,2023,4,12,December,13,2,Wednesday,50,0
348,2023-12-14,2023,4,12,December,14,3,Thursday,50,0
349,2023-12-15,2023,4,12,December,15,4,Friday,50,0
350,2023-12-16,2023,4,12,December,16,5,Saturday,50,1
351,2023-12-17,2023,4,12,December,17,6,Sunday,50,1
352,2023-12-18,2023,4,12,December,18,0,Monday,51,0
353,2023-12-19,2023,4,12,December,19,1,Tuesday,51,0
354,2023-12-20,2023,4,12,December,20,2,Wednesday,51,0
355,2023-12-21,2023,4,12,December,21,3,Thursday,51,0
356,2023-12-22,2023,4,12,December,22,4,Friday,51,0
357,2023-12-23,2023,4,12,December,23,5,Saturday,51,1
358,2023-12-24,2023,4,12,December,24,6,Sunday,51,1
359,2023-12-25,2023,4,12,December,25,0,Monday,52,0
360,2023-12-26,2023,4,12,December,26,1,Tuesday,52,0
361,2023-12-27,2023,4,12,December,27,2,Wednesday,52,0
362,2023-12-28,2023,4,12,December,28,3,Thursday,52,0
363,2023-12-29,2023,4,12,December,29,4,Friday,52,0
364,2023-12-30,2023,4,12,December,30,5,Saturday,52,1
365,2023-12-31,2023,4,12,December,31,6,Sunday,52,1
366,2024-01-01,2024,1,1,January,1,0,Monday,1,0
367,2024-01-02,2024,1,1,January,2,1,Tuesday,1,0
368,2024-01-03,2024,1,1,January,3,2,Wednesday,1,0
369,2024-01-04,2024,1,1,January,4,3,Thursday,1,0
370,2024-01-05,2024,1,1,January,5,4,Friday,1,0
371,2024-01-06,2024,1,1,January,6,5,Saturday,1,1
372,2024-01-07,2024,1,1,January,7,6,Sunday,1,1
373,2024-01-08,2024,1,1,January,8,0,Monday,2,0
374,2024-01-09,2024,1,1,January,9,1,Tuesday,2,0
375,2024-01-10,2024,1,1,January,10,2,Wednesday,2,0
376,2024-01-11,2024,1,1,January,11,3,Thursday,2,0
377,2024-01-12,2024,1,1,January,12,4,Friday,2,0
378,2024-01-13,2024,1,1,January,13,5,Saturday,2,1
379,2024-01-14,2024,1,1,January,14,6,Sunday,2,1
380,2024-01-15,2024,1,1,January,15,0,Monday,3,0
381,2024-01-16,2024,1,1,January,16,1,Tuesday,3,0
382,2024-01-17,2024,1,1,January,17,2,Wednesday,3,0
383,2024-01-18,2024,1,1,January,18,3,Thursday,3,0
384,2024-01-19,2024,1,1,January,19,4,Friday,3,0
385,2024-01-20,2024,1,1,January,20,5,Saturday,3,1
386,2024-01-21,2024,1,1,January,21,6,Sunday,3,1
387,2024-01-22,2024,1,1,January,22,0,Monday,4,0
388,2024-01-23,2024,1,1,January,23,1,Tuesday,4,0
389,2024-01-24,2024,1,1,January,24,2,Wednesday,4,0
390,2024-01-25,2024,1,1,January,25,3,Thursday,4,0
391,2024-01-26,2024,1,1,January,26,4,Friday,4,0
392,2024-01-27,2024,1,1,January,27,5,Saturday,4,1
393,2024-01-28,2024,1,1,January,28,6,Sunday,4,1
394,2024-01-29,2024,1,1,January,29,0,Monday,5,0
395,2024-01-30,2024,1,1,January,30,1,Tuesday,5,0
396,2024-01-31,2024,1,1,January,31,2,Wednesday,5,0
397,2024-02-01,2024,1,2,February,1,3,Thursday,5,0
398,2024-02-02,2024,1,2,February,2,4,Friday,5,0
399,2024-02-03,2024,1,2,February,3,5,Saturday,5,1
400,2024-02-04,2024,1,2,February,4,6,Sunday,5,1
401,2024-02-05,2024,1,2,February,5,0,Monday,6,0
402,2024-02-06,2024,1,2,February,6,1,Tuesday,6,0
403,2024-02-07,2024,1,2,February,7,2,Wednesday,6,0
404,2024-02-08,2024,1,2,February,8,3,Thursday,6,0
405,2024-02-09,2024,1,2,February,9,4,Friday,6,0
406,2024-02-10,2024,1,2,February,10,5,Saturday,6,1
407,2024-02-11,2024,1,2,February,11,6,Sunday,6,1
408,2024-02-12,2024,1,2,February,12,0,Monday,7,0
409,2024-02-13,2024,1,2,February,13,1,Tuesday,7,0
410,2024-02-14,2024,1,2,February,14,2,Wednesday,7,0
411,2024-02-15,2024,1,2,February,15,3,Thursday,7,0
412,2024-02-16,2024,1,2,February,16,4,Friday,7,0
413,2024-02-17,2024,1,2,February,17,5,Saturday,7,1
414,2024-02-18,2024,1,2,February,18,6,Sunday,7,1
415,2024-02-19,2024,1,2,February,19,0,Monday,8,0
416,2024-02-20,2024,1,2,February,20,1,Tuesday,8,0
417,2024-02-21,2024,1,2,February,21,2,Wednesday,8,0
418,2024-02-22,2024,1,2,February,22,3,Thursday,8,0
419,2024-02-23,2024,1,2,February,23,4,Friday,8,0
420,2024-02-24,2024,1,2,February,24,5,Saturday,8,1
421,2024-02-25,2024,1,2,February,25,6,Sunday,8,1
422,2024-02-26,2024,1,2,February,26,0,Monday,9,0
423,2024-02-27,2024,1,2,February,27,1,Tuesday,9,0
424,2024-02-28,2024,1,2,February,28,2,Wednesday,9,0
425,2024-02-29,2024,1,2,February,29,3,Thursday,9,0
426,2024-03-01,2024,1,3,March,1,4,Friday,9,0
427,2024-03-02,2024,1,3,March,2,5,Saturday,9,1
428,2024-03-03,2024,1,3,March,3,6,Sunday,9,1
429,2024-03-04,2024,1,3,March,4,0,Monday,10,0
430,2024-03-05,2024,1,3,March,5,1,Tuesday,10,0
431,2024-03-06,2024,1,3,March,6,2,Wednesday,10,0
432,2024-03-07,2024,1,3,March,7,3,Thursday,10,0
433,2024-03-08,2024,1,3,March,8,4,Friday,10,0
434,2024-03-09,2024,1,3,March,9,5,Saturday,10,1
435,2024-03-10,2024,1,3,March,10,6,Sunday,10,1
436,2024-03-11,2024,1,3,March,11,0,Monday,11,0
437,2024-03-12,2024,1,3,March,12,1,Tuesday,11,0
438,2024-03-13,2024,1,3,March,13,2,Wednesday,11,0
439,2024-03-14,2024,1,3,March,14,3,Thursday,11,0
440,2024-03-15,2024,1,3,March,15,4,Friday,11,0
441,2024-03-16,2024,1,3,March,16,5,Saturday,11,1
442,2024-03-17,2024,1,3,March,17,6,Sunday,11,1
443,2024-03-18,2024,1,3,March,18,0,Monday,12,0
444,2024-03-19,2024,1,3,March,19,1,Tuesday,12,0
445,2024-03-20,2024,1,3,March,20,2,Wednesday,12,0
446,2024-03-21,2024,1,3,March,21,3,Thursday,12,0
447,2024-03-22,2024,1,3,March,22,4,Friday,12,0
448,2024-03-23,2024,1,3,March,23,5,Saturday,12,1
449,2024-03-24,2024,1,3,March,24,6,Sunday,12,1
450,2024-03-25,2024,1,3,March,25,0,Monday,13,0
451,2024-03-26,2024,1,3,March,26,1,Tuesday,13,0
452,2024-03-27,2024,1,3,March,27,2,Wednesday,13,0
453,2024-03-28,2024,1,3,March,28,3,Thursday,13,0
454,2024-03-29,2024,1,3,March,29,4,Friday,13,0
455,2024-03-30,2024,1,3,March,30,5,Saturday,13,1
456,2024-03-31,2024,1,3,March,31,6,Sunday,13,1
457,2024-04-01,2024,2,4,April,1,0,Monday,14,0
458,2024-04-02,2024,2,4,April,2,1,Tuesday,14,0
459,2024-04-03,2024,2,4,April,3,2,Wednesday,14,0
460,2024-04-04,2024,2,4,April,4,3,Thursday,14,0
461,2024-04-05,2024,2,4,April,5,4,Friday,14,0
462,2024-04-06,2024,2,4,April,6,5,Saturday,14,1
463,2024-04-07,2024,2,4,April,7,6,Sunday,14,1
464,2024-04-08,2024,2,4,April,8,0,Monday,15,0
465,2024-04-09,2024,2,4,April,9,1,Tuesday,15,0
466,2024-04-10,2024,2,4,April,10,2,Wednesday,15,0
467,2024-04-11,2024,2,4,April,11,3,Thursday,15,0
468,2024-04-12,2024,2,4,April,12,4,Friday,15,0
469,2024-04-13,2024,2,4,April,13,5,Saturday,15,1
470,2024-04-14,2024,2,4,April,14,6,Sunday,15,1
471,2024-04-15,2024,2,4,April,15,0,Monday,16,0
472,2024-04-16,2024,2,4,April,16,1,Tuesday,16,0
473,2024-04-17,2024,2,4,April,17,2,Wednesday,16,0
474,2024-04-18,2024,2,4,April,18,3,Thursday,16,0
475,2024-04-19,2024,2,4,April,19,4,Friday,16,0
476,2024-04-20,2024,2,4,April,20,5,Saturday,16,1
477,2024-04-21,2024,2,4,April,21,6,Sunday,16,1
478,2024-04-22,2024,2,4,April,22,0,Monday,17,0
479,2024-04-23,2024,2,4,April,23,1,Tuesday,17,0
480,2024-04-24,2024,2,4,April,24,2,Wednesday,17,0
481,2024-04-25,2024,2,4,April,25,3,Thursday,17,0
482,2024-04-26,2024,2,4,April,26,4,Friday,17,0
483,2024-04-27,2024,2,4,April,27,5,Saturday,17,1
484,2024-04-28,2024,2,4,April,28,6,Sunday,17,1
485,2024-04-29,2024,2,4,April,29,0,Monday,18,0
486,2024-04-30,2024,2,4,April,30,1,Tuesday,18,0
487,2024-05-01,2024,2,5,May,1,2,Wednesday,18,0
488,2024-05-02,2024,2,5,May,2,3,Thursday,18,0
489,2024-05-03,2024,2,5,May,3,4,Friday,18,0
490,2024-05-04,2024,2,5,May,4,5,Saturday,18,1
491,2024-05-05,2024,2,5,May,5,6,Sunday,18,1
492,2024-05-06,2024,2,5,May,6,0,Monday,19,0
493,2024-05-07,2024,2,5,May,7,1,Tuesday,19,0
494,2024-05-08,2024,2,5,May,8,2,Wednesday,19,0
495,2024-05-09,2024,2,5,May,9,3,Thursday,19,0
496,2024-05-10,2024,2,5,May,10,4,Friday,19,0
497,2024-05-11,2024,2,5,May,11,5,Saturday,19,1
498,2024-05-12,2024,2,5,May,12,6,Sunday,19,1
499,2024-05-13,2024,2,5,May,13,0,Monday,20,0
500,2024-05-14,2024,2,5,May,14,1,Tuesday,20,0
501,2024-05-15,2024,2,5,May,15,2,Wednesday,20,0
502,2024-05-16,2024,2,5,May,16,3,Thursday,20,0
503,2024-05-17,2024,2,5,May,17,4,Friday,20,0
504,2024-05-18,2024,2,5,May,18,5,Saturday,20,1
505,2024-05-19,2024,2,5,May,19,6,Sunday,20,1
506,2024-05-20,2024,2,5,May,20,0,Monday,21,0
507,2024-05-21,2024,2,5,May,21,1,Tuesday,21,0
508,2024-05-22,2024,2,5,May,22,2,Wednesday,21,0
509,2024-05-23,2024,2,5,May,23,3,Thursday,21,0
510,2024-05-24,2024,2,5,May,24,4,Friday,21,0
511,2024-05-25,2024,2,5,May,25,5,Saturday,21,1
512,2024-05-26,2024,2,5,May,26,6,Sunday,21,1
513,2024-05-27,2024,2,5,May,27,0,Monday,22,0
514,2024-05-28,2024,2,5,May,28,1,Tuesday,22,0
515,2024-05-29,2024,2,5,May,29,2,Wednesday,22,0
516,2024-05-30,2024,2,5,May,30,3,Thursday,22,0
517,2024-05-31,2024,2,5,May,31,4,Friday,22,0
518,2024-06-01,2024,2,6,June,1,5,Saturday,22,1
519,2024-06-02,2024,2,6,June,2,6,Sunday,22,1
520,2024-06-03,2024,2,6,June,3,0,Monday,23,0
521,2024-06-04,2024,2,6,June,4,1,Tuesday,23,0
522,2024-06-05,2024,2,6,June,5,2,Wednesday,23,0
523,2024-06-06,2024,2,6,June,6,3,Thursday,23,0
524,2024-06-07,2024,2,6,June,7,4,Friday,23,0
525,2024-06-08,2024,2,6,June,8,5,Saturday,23,1
526,2024-06-09,2024,2,6,June,9,6,Sunday,23,1
527,2024-06-10,2024,2,6,June,10,0,Monday,24,0
528,2024-06-11,2024,2,6,June,11,1,Tuesday,24,0
529,2024-06-12,2024,2,6,June,12,2,Wednesday,24,0
530,2024-06-13,2024,2,6,June,13,3,Thursday,24,0
531,2024-06-14,2024,2,6,June,14,4,Friday,24,0
532,2024-06-15,2024,2,6,June,15,5,Saturday,24,1
533,2024-06-16,2024,2,6,June,16,6,Sunday,24,1
534,2024-06-17,2024,2,6,June,17,0,Monday,25,0
535,2024-06-18,2024,2,6,June,18,1,Tuesday,25,0
536,2024-06-19,2024,2,6,June,19,2,Wednesday,25,0
537,2024-06-20,2024,2,6,June,20,3,Thursday,25,0
538,2024-06-21,2024,2,6,June,21,4,Friday,25,0
539,2024-06-22,2024,2,6,June,22,5,Saturday,25,1
540,2024-06-23,2024,2,6,June,23,6,Sunday,25,1
541,2024-06-24,2024,2,6,June,24,0,Monday,26,0
542,2024-06-25,2024,2,6,June,25,1,Tuesday,26,0
543,2024-06-26,2024,2,6,June,26,2,Wednesday,26,0
544,2024-06-27,2024,2,6,June,27,3,Thursday,26,0
545,2024-06-28,2024,2,6,June,28,4,Friday,26,0
546,2024-06-29,2024,2,6,June,29,5,Saturday,26,1
547,2024-06-30,2024,2,6,June,30,6,Sunday,26,1
548,2024-07-01,2024,3,7,July,1,0,Monday,27,0
549,2024-07-02,2024,3,7,July,2,1,Tuesday,27,0
550,2024-07-03,2024,3,7,July,3,2,Wednesday,27,0
551,2024-07-04,2024,3,7,July,4,3,Thursday,27,0
552,2024-07-05,2024,3,7,July,5,4,Friday,27,0
553,2024-07-06,2024,3,7,July,6,5,Saturday,27,1
554,2024-07-07,2024,3,7,July,7,6,Sunday,27,1
555,2024-07-08,2024,3,7,July,8,0,Monday,28,0
556,2024-07-09,2024,3,7,July,9,1,Tuesday,28,0
557,2024-07-10,2024,3,7,July,10,2,Wednesday,28,0
558,2024-07-11,2024,3,7,July,11,3,Thursday,28,0
559,2024-07-12,2024,3,7,July,12,4,Friday,28,0
560,2024-07-13,2024,3,7,July,13,5,Saturday,28,1
561,2024-07-14,2024,3,7,July,14,6,Sunday,28,1
562,2024-07-15,2024,3,7,July,15,0,Monday,29,0
563,2024-07-16,2024,3,7,July,16,1,Tuesday,29,0
564,2024-07-17,2024,3,7,July,17,2,Wednesday,29,0
565,2024-07-18,2024,3,7,July,18,3,Thursday,29,0
566,2024-07-19,2024,3,7,July,19,4,Friday,29,0
567,2024-07-20,2024,3,7,July,20,5,Saturday,29,1
568,2024-07-21,2024,3,7,July,21,6,Sunday,29,1
569,2024-07-22,2024,3,7,July,22,0,Monday,30,0
570,2024-07-23,2024,3,7,July,23,1,Tuesday,30,0
571,2024-07-24,2024,3,7,July,24,2,Wednesday,30,0
572,2024-07-25,2024,3,7,July,25,3,Thursday,30,0
573,2024-07-26,2024,3,7,July,26,4,Friday,30,0
574,2024-07-27,2024,3,7,July,27,5,Saturday,30,1
575,2024-07-28,2024,3,7,July,28,6,Sunday,30,1
576,2024-07-29,2024,3,7,July,29,0,Monday,31,0
577,2024-07-30,2024,3,7,July,30,1,Tuesday,31,0
578,2024-07-31,2024,3,7,July,31,2,Wednesday,31,0
579,2024-08-01,2024,3,8,August,1,3,Thursday,31,0
580,2024-08-02,2024,3,8,August,2,4,Friday,31,0
581,2024-08-03,2024,3,8,August,3,5,Saturday,31,1
582,2024-08-04,2024,3,8,August,4,6,Sunday,31,1
583,2024-08-05,2024,3,8,August,5,0,Monday,32,0
584,2024-08-06,2024,3,8,August,6,1,Tuesday,32,0
585,2024-08-07,2024,3,8,August,7,2,Wednesday,32,0
586,2024-08-08,2024,3,8,August,8,3,Thursday,32,0
587,2024-08-09,2024,3,8,August,9,4,Friday,32,0
588,2024-08-10,2024,3,8,August,10,5,Saturday,32,1
589,2024-08-11,2024,3,8,August,11,6,Sunday,32,1
590,2024-08-12,2024,3,8,August,12,0,Monday,33,0
591,2024-08-13,2024,3,8,August,13,1,Tuesday,33,0
592,2024-08-14,2024,3,8,August,14,2,Wednesday,33,0
593,2024-08-15,2024,3,8,August,15,3,Thursday,33,0
594,2024-08-16,2024,3,8,August,16,4,Friday,33,0
595,2024-08-17,2024,3,8,August,17,5,Saturday,33,1
596,2024-08-18,2024,3,8,August,18,6,Sunday,33,1
597,2024-08-19,2024,3,8,August,19,0,Monday,34,0
598,2024-08-20,2024,3,8,August,20,1,Tuesday,34,0
599,2024-08-21,2024,3,8,August,21,2,Wednesday,34,0
600,2024-08-22,2024,3,8,August,22,3,Thursday,34,0
601,2024-08-23,2024,3,8,August,23,4,Friday,34,0
602,2024-08-24,2024,3,8,August,24,5,Saturday,34,1
603,2024-08-25,2024,3,8,August,25,6,Sunday,34,1
604,2024-08-26,2024,3,8,August,26,0,Monday,35,0
605,2024-08-27,2024,3,8,August,27,1,Tuesday,35,0
606,2024-08-28,2024,3,8,August,28,2,Wednesday,35,0
607,2024-08-29,2024,3,8,August,29,3,Thursday,35,0
608,2024-08-30,2024,3,8,August,30,4,Friday,35,0
609,2024-08-31,2024,3,8,August,31,5,Saturday,35,1
610,2024-09-01,2024,3,9,September,1,6,Sunday,35,1
611,2024-09-02,2024,3,9,September,2,0,Monday,36,0
612,2024-09-03,2024,3,9,September,3,1,Tuesday,36,0
613,2024-09-04,2024,3,9,September,4,2,Wednesday,36,0
614,2024-09-05,2024,3,9,September,5,3,Thursday,36,0
615,2024-09-06,2024,3,9,September,6,4,Friday,36,0
616,2024-09-07,2024,3,9,September,7,5,Saturday,36,1
617,2024-09-08,2024,3,9,September,8,6,Sunday,36,1
618,2024-09-09,2024,3,9,September,9,0,Monday,37,0
619,2024-09-10,2024,3,9,September,10,1,Tuesday,37,0
620,2024-09-11,2024,3,9,September,11,2,Wednesday,37,0
621,2024-09-12,2024,3,9,September,12,3,Thursday,37,0
622,2024-09-13,2024,3,9,September,13,4,Friday,37,0
623,2024-09-14,2024,3,9,September,14,5,Saturday,37,1
624,2024-09-15,2024,3,9,September,15,6,Sunday,37,1
625,2024-09-16,2024,3,9,September,16,0,Monday,38,0
626,2024-09-17,2024,3,9,September,17,1,Tuesday,38,0
627,2024-09-18,2024,3,9,September,18,2,Wednesday,38,0
628,2024-09-19,2024,3,9,September,19,3,Thursday,38,0
629,2024-09-20,2024,3,9,September,20,4,Friday,38,0
630,2024-09-21,2024,3,9,September,21,5,Saturday,38,1
631,2024-09-22,2024,3,9,September,22,6,Sunday,38,1
632,2024-09-23,2024,3,9,September,23,0,Monday,39,0
633,2024-09-24,2024,3,9,September,24,1,Tuesday,39,0
634,2024-09-25,2024,3,9,September,25,2,Wednesday,39,0
635,2024-09-26,2024,3,9,September,26,3,Thursday,39,0
636,2024-09-27,2024,3,9,September,27,4,Friday,39,0
637,2024-09-28,2024,3,9,September,28,5,Saturday,39,1
638,2024-09-29,2024,3,9,September,29,6,Sunday,39,1
639,2024-09-30,2024,3,9,September,30,0,Monday,40,0
640,2024-10-01,2024,4,10,October,1,1,Tuesday,40,0
641,2024-10-02,2024,4,10,October,2,2,Wednesday,40,0
642,2024-10-03,2024,4,10,October,3,3,Thursday,40,0
643,2024-10-04,2024,4,10,October,4,4,Friday,40,0
644,2024-10-05,2024,4,10,October,5,5,Saturday,40,1
645,2024-10-06,2024,4,10,October,6,6,Sunday,40,1
646,2024-10-07,2024,4,10,October,7,0,Monday,41,0
647,2024-10-08,2024,4,10,October,8,1,Tuesday,41,0
648,2024-10-09,2024,4,10,October,9,2,Wednesday,41,0
649,2024-10-10,2024,4,10,October,10,3,Thursday,41,0
650,2024-10-11,2024,4,10,October,11,4,Friday,41,0
651,2024-10-12,2024,4,10,October,12,5,Saturday,41,1
652,2024-10-13,2024,4,10,October,13,6,Sunday,41,1
653,2024-10-14,2024,4,10,October,14,0,Monday,42,0
654,2024-10-15,2024,4,10,October,15,1,Tuesday,42,0
655,2024-10-16,2024,4,10,October,16,2,Wednesday,42,0
656,2024-10-17,2024,4,10,October,17,3,Thursday,42,0
657,2024-10-18,2024,4,10,October,18,4,Friday,42,0
658,2024-10-19,2024,4,10,October,19,5,Saturday,42,1
659,2024-10-20,2024,4,10,October,20,6,Sunday,42,1
660,2024-10-21,2024,4,10,October,21,0,Monday,43,0
661,2024-10-22,2024,4,10,October,22,1,Tuesday,43,0
662,2024-10-23,2024,4,10,October,23,2,Wednesday,43,0
663,2024-10-24,2024,4,10,October,24,3,Thursday,43,0
664,2024-10-25,2024,4,10,October,25,4,Friday,43,0
665,2024-10-26,2024,4,10,October,26,5,Saturday,43,1
666,2024-10-27,2024,4,10,October,27,6,Sunday,43,1
667,2024-10-28,2024,4,10,October,28,0,Monday,44,0
668,2024-10-29,2024,4,10,October,29,1,Tuesday,44,0
669,2024-10-30,2024,4,10,October,30,2,Wednesday,44,0
670,2024-10-31,2024,4,10,October,31,3,Thursday,44,0
671,2024-11-01,2024,4,11,November,1,4,Friday,44,0
672,2024-11-02,2024,4,11,November,2,5,Saturday,44,1
673,2024-11-03,2024,4,11,November,3,6,Sunday,44,1
674,2024-11-04,2024,4,11,November,4,0,Monday,45,0
675,2024-11-05,2024,4,11,November,5,1,Tuesday,45,0
676,2024-11-06,2024,4,11,November,6,2,Wednesday,45,0
677,2024-11-07,2024,4,11,November,7,3,Thursday,45,0
678,2024-11-08,2024,4,11,November,8,4,Friday,45,0
679,2024-11-09,2024,4,11,November,9,5,Saturday,45,1
680,2024-11-10,2024,4,11,November,10,6,Sunday,45,1
681,2024-11-11,2024,4,11,November,11,0,Monday,46,0
682,2024-11-12,2024,4,11,November,12,1,Tuesday,46,0
683,2024-11-13,2024,4,11,November,13,2,Wednesday,46,0
684,2024-11-14,2024,4,11,November,14,3,Thursday,46,0
685,2024-11-15,2024,4,11,November,15,4,Friday,46,0
686,2024-11-16,2024,4,11,November,16,5,Saturday,46,1
687,2024-11-17,2024,4,11,November,17,6,Sunday,46,1
688,2024-11-18,2024,4,11,November,18,0,Monday,47,0
689,2024-11-19,2024,4,11,November,19,1,Tuesday,47,0
690,2024-11-20,2024,4,11,November,20,2,Wednesday,47,0
691,2024-11-21,2024,4,11,November,21,3,Thursday,47,0
692,2024-11-22,2024,4,11,November,22,4,Friday,47,0
693,2024-11-23,2024,4,11,November,23,5,Saturday,47,1
694,2024-11-24,2024,4,11,November,24,6,Sunday,47,1
695,2024-11-25,2024,4,11,November,25,0,Monday,48,0
696,2024-11-26,2024,4,11,November,26,1,Tuesday,48,0
697,2024-11-27,2024,4,11,November,27,2,Wednesday,48,0
698,2024-11-28,2024,4,11,November,28,3,Thursday,48,0
699,2024-11-29,2024,4,11,November,29,4,Friday,48,0
700,2024-11-30,2024,4,11,November,30,5,Saturday,48,1
701,2024-12-01,2024,4,12,December,1,6,Sunday,48,1
702,2024-12-02,2024,4,12,December,2,0,Monday,49,0
703,2024-12-03,2024,4,12,December,3,1,Tuesday,49,0
704,2024-12-04,2024,4,12,December,4,2,Wednesday,49,0
705,2024-12-05,2024,4,12,December,5,3,Thursday,49,0
706,2024-12-06,2024,4,12,December,6,4,Friday,49,0
707,2024-12-07,2024,4,12,December,7,5,Saturday,49,1
708,2024-12-08,2024,4,12,December,8,6,Sunday,49,1
709,2024-12-09,2024,4,12,December,9,0,Monday,50,0
710,2024-12-10,2024,4,12,December,10,1,Tuesday,50,0
711,2024-12-11,2024,4,12,December,11,2,Wednesday,50,0
712,2024-12-12,2024,4,12,December,12,3,Thursday,50,0
713,2024-12-13,2024,4,12,December,13,4,Friday,50,0
714,2024-12-14,2024,4,12,December,14,5,Saturday,50,1
715,2024-12-15,2024,4,12,December,15,6,Sunday,50,1
716,2024-12-16,2024,4,12,December,16,0,Monday,51,0
717,2024-12-17,2024,4,12,December,17,1,Tuesday,51,0
718,2024-12-18,2024,4,12,December,18,2,Wednesday,51,0
719,2024-12-19,2024,4,12,December,19,3,Thursday,51,0
720,2024-12-20,2024,4,12,December,20,4,Friday,51,0
721,2024-12-21,2024,4,12,December,21,5,Saturday,51,1
722,2024-12-22,2024,4,12,December,22,6,Sunday,51,1
723,2024-12-23,2024,4,12,December,23,0,Monday,52,0
724,2024-12-24,2024,4,12,December,24,1,Tuesday,52,0
725,2024-12-25,2024,4,12,December,25,2,Wednesday,52,0
726,2024-12-26,2024,4,12,December,26,3,Thursday,52,0
727,2024-12-27,2024,4,12,December,27,4,Friday,52,0
728,2024-12-28,2024,4,12,December,28,5,Saturday,52,1
729,2024-12-29,2024,4,12,December,29,6,Sunday,52,1
730,2024-12-30,2024,4,12,December,30,0,Monday,1,0
731,2024-12-31,2024,4,12,December,31,1,Tuesday,1,0
732,2025-01-01,2025,1,1,January,1,2,Wednesday,1,0
733,2025-01-02,2025,1,1,January,2,3,Thursday,1,0
734,2025-01-03,2025,1,1,January,3,4,Friday,1,0
735,2025-01-04,2025,1,1,January,4,5,Saturday,1,1
736,2025-01-05,2025,1,1,January,5,6,Sunday,1,1
737,2025-01-06,2025,1,1,January,6,0,Monday,2,0
738,2025-01-07,2025,1,1,January,7,1,Tuesday,2,0
739,2025-01-08,2025,1,1,January,8,2,Wednesday,2,0
740,2025-01-09,2025,1,1,January,9,3,Thursday,2,0
741,2025-01-10,2025,1,1,January,10,4,Friday,2,0
742,2025-01-11,2025,1,1,January,11,5,Saturday,2,1
743,2025-01-12,2025,1,1,January,12,6,Sunday,2,1
744,2025-01-13,2025,1,1,January,13,0,Monday,3,0
745,2025-01-14,2025,1,1,January,14,1,Tuesday,3,0
746,2025-01-15,2025,1,1,January,15,2,Wednesday,3,0
747,2025-01-16,2025,1,1,January,16,3,Thursday,3,0
748,2025-01-17,2025,1,1,January,17,4,Friday,3,0
749,2025-01-18,2025,1,1,January,18,5,Saturday,3,1
750,2025-01-19,2025,1,1,January,19,6,Sunday,3,1
751,2025-01-20,2025,1,1,January,20,0,Monday,4,0
752,2025-01-21,2025,1,1,January,21,1,Tuesday,4,0
753,2025-01-22,2025,1,1,January,22,2,Wednesday,4,0
754,2025-01-23,2025,1,1,January,23,3,Thursday,4,0
755,2025-01-24,2025,1,1,January,24,4,Friday,4,0
756,2025-01-25,2025,1,1,January,25,5,Saturday,4,1
757,2025-01-26,2025,1,1,January,26,6,Sunday,4,1
758,2025-01-27,2025,1,1,January,27,0,Monday,5,0
759,2025-01-28,2025,1,1,January,28,1,Tuesday,5,0
760,2025-01-29,2025,1,1,January,29,2,Wednesday,5,0
761,2025-01-30,2025,1,1,January,30,3,Thursday,5,0
762,2025-01-31,2025,1,1,January,31,4,Friday,5,0
763,2025-02-01,2025,1,2,February,1,5,Saturday,5,1
764,2025-02-02,2025,1,2,February,2,6,Sunday,5,1
765,2025-02-03,2025,1,2,February,3,0,Monday,6,0
766,2025-02-04,2025,1,2,February,4,1,Tuesday,6,0
767,2025-02-05,2025,1,2,February,5,2,Wednesday,6,0
768,2025-02-06,2025,1,2,February,6,3,Thursday,6,0
769,2025-02-07,2025,1,2,February,7,4,Friday,6,0
770,2025-02-08,2025,1,2,February,8,5,Saturday,6,1
771,2025-02-09,2025,1,2,February,9,6,Sunday,6,1
772,2025-02-10,2025,1,2,February,10,0,Monday,7,0
773,2025-02-11,2025,1,2,February,11,1,Tuesday,7,0
774,2025-02-12,2025,1,2,February,12,2,Wednesday,7,0
775,2025-02-13,2025,1,2,February,13,3,Thursday,7,0
776,2025-02-14,2025,1,2,February,14,4,Friday,7,0
777,2025-02-15,2025,1,2,February,15,5,Saturday,7,1
778,2025-02-16,2025,1,2,February,16,6,Sunday,7,1
779,2025-02-17,2025,1,2,February,17,0,Monday,8,0
780,2025-02-18,2025,1,2,February,18,1,Tuesday,8,0
781,2025-02-19,2025,1,2,February,19,2,Wednesday,8,0
782,2025-02-20,2025,1,2,February,20,3,Thursday,8,0
783,2025-02-21,2025,1,2,February,21,4,Friday,8,0
784,2025-02-22,2025,1,2,February,22,5,Saturday,8,1
785,2025-02-23,2025,1,2,February,23,6,Sunday,8,1
786,2025-02-24,2025,1,2,February,24,0,Monday,9,0
787,2025-02-25,2025,1,2,February,25,1,Tuesday,9,0
788,2025-02-26,2025,1,2,February,26,2,Wednesday,9,0
789,2025-02-27,2025,1,2,February,27,3,Thursday,9,0
790,2025-02-28,2025,1,2,February,28,4,Friday,9,0
791,2025-03-01,2025,1,3,March,1,5,Saturday,9,1
792,2025-03-02,2025,1,3,March,2,6,Sunday,9,1
793,2025-03-03,2025,1,3,March,3,0,Monday,10,0
794,2025-03-04,2025,1,3,March,4,1,Tuesday,10,0
795,2025-03-05,2025,1,3,March,5,2,Wednesday,10,0
796,2025-03-06,2025,1,3,March,6,3,Thursday,10,0
797,2025-03-07,2025,1,3,March,7,4,Friday,10,0
798,2025-03-08,2025,1,3,March,8,5,Saturday,10,1
799,2025-03-09,2025,1,3,March,9,6,Sunday,10,1
800,2025-03-10,2025,1,3,March,10,0,Monday,11,0
801,2025-03-11,2025,1,3,March,11,1,Tuesday,11,0
802,2025-03-12,2025,1,3,March,12,2,Wednesday,11,0
803,2025-03-13,2025,1,3,March,13,3,Thursday,11,0
804,2025-03-14,2025,1,3,March,14,4,Friday,11,0
805,2025-03-15,2025,1,3,March,15,5,Saturday,11,1
806,2025-03-16,2025,1,3,March,16,6,Sunday,11,1
807,2025-03-17,2025,1,3,March,17,0,Monday,12,0
808,2025-03-18,2025,1,3,March,18,1,Tuesday,12,0
809,2025-03-19,2025,1,3,March,19,2,Wednesday,12,0
810,2025-03-20,2025,1,3,March,20,3,Thursday,12,0
811,2025-03-21,2025,1,3,March,21,4,Friday,12,0
812,2025-03-22,2025,1,3,March,22,5,Saturday,12,1
813,2025-03-23,2025,1,3,March,23,6,Sunday,12,1
814,2025-03-24,2025,1,3,March,24,0,Monday,13,0
815,2025-03-25,2025,1,3,March,25,1,Tuesday,13,0
816,2025-03-26,2025,1,3,March,26,2,Wednesday,13,0
817,2025-03-27,2025,1,3,March,27,3,Thursday,13,0
818,2025-03-28,2025,1,3,March,28,4,Friday,13,0
819,2025-03-29,2025,1,3,March,29,5,Saturday,13,1
820,2025-03-30,2025,1,3,March,30,6,Sunday,13,1
821,2025-03-31,2025,1,3,March,31,0,Monday,14,0
822,2025-04-01,2025,2,4,April,1,1,Tuesday,14,0
823,2025-04-02,2025,2,4,April,2,2,Wednesday,14,0
824,2025-04-03,2025,2,4,April,3,3,Thursday,14,0
825,2025-04-04,2025,2,4,April,4,4,Friday,14,0
826,2025-04-05,2025,2,4,April,5,5,Saturday,14,1
827,2025-04-06,2025,2,4,April,6,6,Sunday,14,1
828,2025-04-07,2025,2,4,April,7,0,Monday,15,0
829,2025-04-08,2025,2,4,April,8,1,Tuesday,15,0
830,2025-04-09,2025,2,4,April,9,2,Wednesday,15,0
831,2025-04-10,2025,2,4,April,10,3,Thursday,15,0
832,2025-04-11,2025,2,4,April,11,4,Friday,15,0
833,2025-04-12,2025,2,4,April,12,5,Saturday,15,1
834,2025-04-13,2025,2,4,April,13,6,Sunday,15,1
835,2025-04-14,2025,2,4,April,14,0,Monday,16,0
836,2025-04-15,2025,2,4,April,15,1,Tuesday,16,0
837,2025-04-16,2025,2,4,April,16,2,Wednesday,16,0
838,2025-04-17,2025,2,4,April,17,3,Thursday,16,0
839,2025-04-18,2025,2,4,April,18,4,Friday,16,0
840,2025-04-19,2025,2,4,April,19,5,Saturday,16,1
841,2025-04-20,2025,2,4,April,20,6,Sunday,16,1
842,2025-04-21,2025,2,4,April,21,0,Monday,17,0
843,2025-04-22,2025,2,4,April,22,1,Tuesday,17,0
844,2025-04-23,2025,2,4,April,23,2,Wednesday,17,0
845,2025-04-24,2025,2,4,April,24,3,Thursday,17,0
846,2025-04-25,2025,2,4,April,25,4,Friday,17,0
847,2025-04-26,2025,2,4,April,26,5,Saturday,17,1
848,2025-04-27,2025,2,4,April,27,6,Sunday,17,1
849,2025-04-28,2025,2,4,April,28,0,Monday,18,0
850,2025-04-29,2025,2,4,April,29,1,Tuesday,18,0
851,2025-04-30,2025,2,4,April,30,2,Wednesday,18,0
852,2025-05-01,2025,2,5,May,1,3,Thursday,18,0
853,2025-05-02,2025,2,5,May,2,4,Friday,18,0
854,2025-05-03,2025,2,5,May,3,5,Saturday,18,1
855,2025-05-04,2025,2,5,May,4,6,Sunday,18,1
856,2025-05-05,2025,2,5,May,5,0,Monday,19,0
857,2025-05-06,2025,2,5,May,6,1,Tuesday,19,0
858,2025-05-07,2025,2,5,May,7,2,Wednesday,19,0
859,2025-05-08,2025,2,5,May,8,3,Thursday,19,0
860,2025-05-09,2025,2,5,May,9,4,Friday,19,0
861,2025-05-10,2025,2,5,May,10,5,Saturday,19,1
862,2025-05-11,2025,2,5,May,11,6,Sunday,19,1
863,2025-05-12,2025,2,5,May,12,0,Monday,20,0
864,2025-05-13,2025,2,5,May,13,1,Tuesday,20,0
865,2025-05-14,2025,2,5,May,14,2,Wednesday,20,0
866,2025-05-15,2025,2,5,May,15,3,Thursday,20,0
867,2025-05-16,2025,2,5,May,16,4,Friday,20,0
868,2025-05-17,2025,2,5,May,17,5,Saturday,20,1
869,2025-05-18,2025,2,5,May,18,6,Sunday,20,1
870,2025-05-19,2025,2,5,May,19,0,Monday,21,0
871,2025-05-20,2025,2,5,May,20,1,Tuesday,21,0
872,2025-05-21,2025,2,5,May,21,2,Wednesday,21,0
873,2025-05-22,2025,2,5,May,22,3,Thursday,21,0
874,2025-05-23,2025,2,5,May,23,4,Friday,21,0
875,2025-05-24,2025,2,5,May,24,5,Saturday,21,1
876,2025-05-25,2025,2,5,May,25,6,Sunday,21,1
877,2025-05-26,2025,2,5,May,26,0,Monday,22,0
878,2025-05-27,2025,2,5,May,27,1,Tuesday,22,0
879,2025-05-28,2025,2,5,May,28,2,Wednesday,22,0
880,2025-05-29,2025,2,5,May,29,3,Thursday,22,0
881,2025-05-30,2025,2,5,May,30,4,Friday,22,0
882,2025-05-31,2025,2,5,May,31,5,Saturday,22,1
883,2025-06-01,2025,2,6,June,1,6,Sunday,22,1
884,2025-06-02,2025,2,6,June,2,0,Monday,23,0
885,2025-06-03,2025,2,6,June,3,1,Tuesday,23,0
886,2025-06-04,2025,2,6,June,4,2,Wednesday,23,0
887,2025-06-05,2025,2,6,June,5,3,Thursday,23,0
888,2025-06-06,2025,2,6,June,6,4,Friday,23,0
889,2025-06-07,2025,2,6,June,7,5,Saturday,23,1
890,2025-06-08,2025,2,6,June,8,6,Sunday,23,1
891,2025-06-09,2025,2,6,June,9,0,Monday,24,0
892,2025-06-10,2025,2,6,June,10,1,Tuesday,24,0
893,2025-06-11,2025,2,6,June,11,2,Wednesday,24,0
894,2025-06-12,2025,2,6,June,12,3,Thursday,24,0
895,2025-06-13,2025,2,6,June,13,4,Friday,24,0
896,2025-06-14,2025,2,6,June,14,5,Saturday,24,1
897,2025-06-15,2025,2,6,June,15,6,Sunday,24,1
898,2025-06-16,2025,2,6,June,16,0,Monday,25,0
899,2025-06-17,2025,2,6,June,17,1,Tuesday,25,0
900,2025-06-18,2025,2,6,June,18,2,Wednesday,25,0
901,2025-06-19,2025,2,6,June,19,3,Thursday,25,0
902,2025-06-20,2025,2,6,June,20,4,Friday,25,0
903,2025-06-21,2025,2,6,June,21,5,Saturday,25,1
904,2025-06-22,2025,2,6,June,22,6,Sunday,25,1
905,2025-06-23,2025,2,6,June,23,0,Monday,26,0
906,2025-06-24,2025,2,6,June,24,1,Tuesday,26,0
907,2025-06-25,2025,2,6,June,25,2,Wednesday,26,0
908,2025-06-26,2025,2,6,June,26,3,Thursday,26,0
909,2025-06-27,2025,2,6,June,27,4,Friday,26,0
910,2025-06-28,2025,2,6,June,28,5,Saturday,26,1
911,2025-06-29,2025,2,6,June,29,6,Sunday,26,1
912,2025-06-30,2025,2,6,June,30,0,Monday,27,0
913,2025-07-01,2025,3,7,July,1,1,Tuesday,27,0
914,2025-07-02,2025,3,7,July,2,2,Wednesday,27,0
915,2025-07-03,2025,3,7,July,3,3,Thursday,27,0
916,2025-07-04,2025,3,7,July,4,4,Friday,27,0
917,2025-07-05,2025,3,7,July,5,5,Saturday,27,1
918,2025-07-06,2025,3,7,July,6,6,Sunday,27,1
919,2025-07-07,2025,3,7,July,7,0,Monday,28,0
920,2025-07-08,2025,3,7,July,8,1,Tuesday,28,0
921,2025-07-09,2025,3,7,July,9,2,Wednesday,28,0
922,2025-07-10,2025,3,7,July,10,3,Thursday,28,0
923,2025-07-11,2025,3,7,July,11,4,Friday,28,0
924,2025-07-12,2025,3,7,July,12,5,Saturday,28,1
925,2025-07-13,2025,3,7,July,13,6,Sunday,28,1
926,2025-07-14,2025,3,7,July,14,0,Monday,29,0
927,2025-07-15,2025,3,7,July,15,1,Tuesday,29,0
928,2025-07-16,2025,3,7,July,16,2,Wednesday,29,0
929,2025-07-17,2025,3,7,July,17,3,Thursday,29,0
930,2025-07-18,2025,3,7,July,18,4,Friday,29,0
931,2025-07-19,2025,3,7,July,19,5,Saturday,29,1
932,2025-07-20,2025,3,7,July,20,6,Sunday,29,1
933,2025-07-21,2025,3,7,July,21,0,Monday,30,0
934,2025-07-22,2025,3,7,July,22,1,Tuesday,30,0
935,2025-07-23,2025,3,7,July,23,2,Wednesday,30,0
936,2025-07-24,2025,3,7,July,24,3,Thursday,30,0
937,2025-07-25,2025,3,7,July,25,4,Friday,30,0
938,2025-07-26,2025,3,7,July,26,5,Saturday,30,1
939,2025-07-27,2025,3,7,July,27,6,Sunday,30,1
940,2025-07-28,2025,3,7,July,28,0,Monday,31,0
941,2025-07-29,2025,3,7,July,29,1,Tuesday,31,0
942,2025-07-30,2025,3,7,July,30,2,Wednesday,31,0
943,2025-07-31,2025,3,7,July,31,3,Thursday,31,0
944,2025-08-01,2025,3,8,August,1,4,Friday,31,0
945,2025-08-02,2025,3,8,August,2,5,Saturday,31,1
946,2025-08-03,2025,3,8,August,3,6,Sunday,31,1
947,2025-08-04,2025,3,8,August,4,0,Monday,32,0
948,2025-08-05,2025,3,8,August,5,1,Tuesday,32,0
949,2025-08-06,2025,3,8,August,6,2,Wednesday,32,0
950,2025-08-07,2025,3,8,August,7,3,Thursday,32,0
951,2025-08-08,2025,3,8,August,8,4,Friday,32,0
952,2025-08-09,2025,3,8,August,9,5,Saturday,32,1
953,2025-08-10,2025,3,8,August,10,6,Sunday,32,1
954,2025-08-11,2025,3,8,August,11,0,Monday,33,0
955,2025-08-12,2025,3,8,August,12,1,Tuesday,33,0
956,2025-08-13,2025,3,8,August,13,2,Wednesday,33,0
957,2025-08-14,2025,3,8,August,14,3,Thursday,33,0
958,2025-08-15,2025,3,8,August,15,4,Friday,33,0
959,2025-08-16,2025,3,8,August,16,5,Saturday,33,1
960,2025-08-17,2025,3,8,August,17,6,Sunday,33,1
961,2025-08-18,2025,3,8,August,18,0,Monday,34,0
962,2025-08-19,2025,3,8,August,19,1,Tuesday,34,0
963,2025-08-20,2025,3,8,August,20,2,Wednesday,34,0
964,2025-08-21,2025,3,8,August,21,3,Thursday,34,0
965,2025-08-22,2025,3,8,August,22,4,Friday,34,0
966,2025-08-23,2025,3,8,August,23,5,Saturday,34,1
967,2025-08-24,2025,3,8,August,24,6,Sunday,34,1
968,2025-08-25,2025,3,8,August,25,0,Monday,35,0
969,2025-08-26,2025,3,8,August,26,1,Tuesday,35,0
970,2025-08-27,2025,3,8,August,27,2,Wednesday,35,0
971,2025-08-28,2025,3,8,August,28,3,Thursday,35,0
972,2025-08-29,2025,3,8,August,29,4,Friday,35,0
973,2025-08-30,2025,3,8,August,30,5,Saturday,35,1
974,2025-08-31,2025,3,8,August,31,6,Sunday,35,1
975,2025-09-01,2025,3,9,September,1,0,Monday,36,0
976,2025-09-02,2025,3,9,September,2,1,Tuesday,36,0
977,2025-09-03,2025,3,9,September,3,2,Wednesday,36,0
978,2025-09-04,2025,3,9,September,4,3,Thursday,36,0
979,2025-09-05,2025,3,9,September,5,4,Friday,36,0
980,2025-09-06,2025,3,9,September,6,5,Saturday,36,1
981,2025-09-07,2025,3,9,September,7,6,Sunday,36,1
982,2025-09-08,2025,3,9,September,8,0,Monday,37,0
983,2025-09-09,2025,3,9,September,9,1,Tuesday,37,0
984,2025-09-10,2025,3,9,September,10,2,Wednesday,37,0
985,2025-09-11,2025,3,9,September,11,3,Thursday,37,0
986,2025-09-12,2025,3,9,September,12,4,Friday,37,0
987,2025-09-13,2025,3,9,September,13,5,Saturday,37,1
988,2025-09-14,2025,3,9,September,14,6,Sunday,37,1
989,2025-09-15,2025,3,9,September,15,0,Monday,38,0
990,2025-09-16,2025,3,9,September,16,1,Tuesday,38,0
991,2025-09-17,2025,3,9,September,17,2,Wednesday,38,0
992,2025-09-18,2025,3,9,September,18,3,Thursday,38,0
993,2025-09-19,2025,3,9,September,19,4,Friday,38,0
994,2025-09-20,2025,3,9,September,20,5,Saturday,38,1
995,2025-09-21,2025,3,9,September,21,6,Sunday,38,1
996,2025-09-22,2025,3,9,September,22,0,Monday,39,0
997,2025-09-23,2025,3,9,September,23,1,Tuesday,39,0
998,2025-09-24,2025,3,9,September,24,2,Wednesday,39,0
999,2025-09-25,2025,3,9,September,25,3,Thursday,39,0
1000,2025-09-26,2025,3,9,September,26,4,Friday,39,0
1001,2025-09-27,2025,3,9,September,27,5,Saturday,39,1
1002,2025-09-28,2025,3,9,September,28,6,Sunday,39,1
1003,2025-09-29,2025,3,9,September,29,0,Monday,40,0
1004,2025-09-30,2025,3,9,September,30,1,Tuesday,40,0
1005,2025-10-01,2025,4,10,October,1,2,Wednesday,40,0
1006,2025-10-02,2025,4,10,October,2,3,Thursday,40,0
1007,2025-10-03,2025,4,10,October,3,4,Friday,40,0
1008,2025-10-04,2025,4,10,October,4,5,Saturday,40,1
1009,2025-10-05,2025,4,10,October,5,6,Sunday,40,1
1010,2025-10-06,2025,4,10,October,6,0,Monday,41,0
1011,2025-10-07,2025,4,10,October,7,1,Tuesday,41,0
1012,2025-10-08,2025,4,10,October,8,2,Wednesday,41,0
1013,2025-10-09,2025,4,10,October,9,3,Thursday,41,0
1014,2025-10-10,2025,4,10,October,10,4,Friday,41,0
1015,2025-10-11,2025,4,10,October,11,5,Saturday,41,1
1016,2025-10-12,2025,4,10,October,12,6,Sunday,41,1
1017,2025-10-13,2025,4,10,October,13,0,Monday,42,0
1018,2025-10-14,2025,4,10,October,14,1,Tuesday,42,0
1019,2025-10-15,2025,4,10,October,15,2,Wednesday,42,0
1020,2025-10-16,2025,4,10,October,16,3,Thursday,42,0
1021,2025-10-17,2025,4,10,October,17,4,Friday,42,0
1022,2025-10-18,2025,4,10,October,18,5,Saturday,42,1
1023,2025-10-19,2025,4,10,October,19,6,Sunday,42,1
1024,2025-10-20,2025,4,10,October,20,0,Monday,43,0
1025,2025-10-21,2025,4,10,October,21,1,Tuesday,43,0
1026,2025-10-22,2025,4,10,October,22,2,Wednesday,43,0
1027,2025-10-23,2025,4,10,October,23,3,Thursday,43,0
1028,2025-10-24,2025,4,10,October,24,4,Friday,43,0
1029,2025-10-25,2025,4,10,October,25,5,Saturday,43,1
1030,2025-10-26,2025,4,10,October,26,6,Sunday,43,1
1031,2025-10-27,2025,4,10,October,27,0,Monday,44,0
1032,2025-10-28,2025,4,10,October,28,1,Tuesday,44,0
1033,2025-10-29,2025,4,10,October,29,2,Wednesday,44,0
1034,2025-10-30,2025,4,10,October,30,3,Thursday,44,0
1035,2025-10-31,2025,4,10,October,31,4,Friday,44,0
1036,2025-11-01,2025,4,11,November,1,5,Saturday,44,1
1037,2025-11-02,2025,4,11,November,2,6,Sunday,44,1
1038,2025-11-03,2025,4,11,November,3,0,Monday,45,0
1039,2025-11-04,2025,4,11,November,4,1,Tuesday,45,0
1040,2025-11-05,2025,4,11,November,5,2,Wednesday,45,0
1041,2025-11-06,2025,4,11,November,6,3,Thursday,45,0
1042,2025-11-07,2025,4,11,November,7,4,Friday,45,0
1043,2025-11-08,2025,4,11,November,8,5,Saturday,45,1
1044,2025-11-09,2025,4,11,November,9,6,Sunday,45,1
1045,2025-11-10,2025,4,11,November,10,0,Monday,46,0
1046,2025-11-11,2025,4,11,November,11,1,Tuesday,46,0
1047,2025-11-12,2025,4,11,November,12,2,Wednesday,46,0
1048,2025-11-13,2025,4,11,November,13,3,Thursday,46,0
1049,2025-11-14,2025,4,11,November,14,4,Friday,46,0
1050,2025-11-15,2025,4,11,November,15,5,Saturday,46,1
1051,2025-11-16,2025,4,11,November,16,6,Sunday,46,1
1052,2025-11-17,2025,4,11,November,17,0,Monday,47,0
1053,2025-11-18,2025,4,11,November,18,1,Tuesday,47,0
1054,2025-11-19,2025,4,11,November,19,2,Wednesday,47,0
1055,2025-11-20,2025,4,11,November,20,3,Thursday,47,0
1056,2025-11-21,2025,4,11,November,21,4,Friday,47,0
1057,2025-11-22,2025,4,11,November,22,5,Saturday,47,1
1058,2025-11-23,2025,4,11,November,23,6,Sunday,47,1
1059,2025-11-24,2025,4,11,November,24,0,Monday,48,0
1060,2025-11-25,2025,4,11,November,25,1,Tuesday,48,0
1061,2025-11-26,2025,4,11,November,26,2,Wednesday,48,0
1062,2025-11-27,2025,4,11,November,27,3,Thursday,48,0
1063,2025-11-28,2025,4,11,November,28,4,Friday,48,0
1064,2025-11-29,2025,4,11,November,29,5,Saturday,48,1
1065,2025-11-30,2025,4,11,November,30,6,Sunday,48,1
1066,2025-12-01,2025,4,12,December,1,0,Monday,49,0
1067,2025-12-02,2025,4,12,December,2,1,Tuesday,49,0
1068,2025-12-03,2025,4,12,December,3,2,Wednesday,49,0
1069,2025-12-04,2025,4,12,December,4,3,Thursday,49,0
1070,2025-12-05,2025,4,12,December,5,4,Friday,49,0
1071,2025-12-06,2025,4,12,December,6,5,Saturday,49,1
1072,2025-12-07,2025,4,12,December,7,6,Sunday,49,1
1073,2025-12-08,2025,4,12,December,8,0,Monday,50,0
1074,2025-12-09,2025,4,12,December,9,1,Tuesday,50,0
1075,2025-12-10,2025,4,12,December,10,2,Wednesday,50,0
1076,2025-12-11,2025,4,12,December,11,3,Thursday,50,0
1077,2025-12-12,2025,4,12,December,12,4,Friday,50,0
1078,2025-12-13,2025,4,12,December,13,5,Saturday,50,1
1079,2025-12-14,2025,4,12,December,14,6,Sunday,50,1
1080,2025-12-15,2025,4,12,December,15,0,Monday,51,0
1081,2025-12-16,2025,4,12,December,16,1,Tuesday,51,0
1082,2025-12-17,2025,4,12,December,17,2,Wednesday,51,0
1083,2025-12-18,2025,4,12,December,18,3,Thursday,51,0
1084,2025-12-19,2025,4,12,December,19,4,Friday,51,0
1085,2025-12-20,2025,4,12,December,20,5,Saturday,51,1
1086,2025-12-21,2025,4,12,December,21,6,Sunday,51,1
1087,2025-12-22,2025,4,12,December,22,0,Monday,52,0
1088,2025-12-23,2025,4,12,December,23,1,Tuesday,52,0
1089,2025-12-24,2025,4,12,December,24,2,Wednesday,52,0
1090,2025-12-25,2025,4,12,December,25,3,Thursday,52,0
1091,2025-12-26,2025,4,12,December,26,4,Friday,52,0
1092,2025-12-27,2025,4,12,December,27,5,Saturday,52,1
1093,2025-12-28,2025,4,12,December,28,6,Sunday,52,1
1094,2025-12-29,2025,4,12,December,29,0,Monday,1,0
1095,2025-12-30,2025,4,12,December,30,1,Tuesday,1,0
1096,2025-12-31,2025,4,12,December,31,2,Wednesday,1,0
1097,2026-01-01,2026,1,1,January,1,3,Thursday,1,0
1098,2026-01-02,2026,1,1,January,2,4,Friday,1,0
1099,2026-01-03,2026,1,1,January,3,5,Saturday,1,1
1100,2026-01-04,2026,1,1,January,4,6,Sunday,1,1
1101,2026-01-05,2026,1,1,January,5,0,Monday,2,0
1102,2026-01-06,2026,1,1,January,6,1,Tuesday,2,0
1103,2026-01-07,2026,1,1,January,7,2,Wednesday,2,0
1104,2026-01-08,2026,1,1,January,8,3,Thursday,2,0
1105,2026-01-09,2026,1,1,January,9,4,Friday,2,0
1106,2026-01-10,2026,1,1,January,10,5,Saturday,2,1
1107,2026-01-11,2026,1,1,January,11,6,Sunday,2,1
1108,2026-01-12,2026,1,1,January,12,0,Monday,3,0
1109,2026-01-13,2026,1,1,January,13,1,Tuesday,3,0
1110,2026-01-14,2026,1,1,January,14,2,Wednesday,3,0
1111,2026-01-15,2026,1,1,January,15,3,Thursday,3,0
1112,2026-01-16,2026,1,1,January,16,4,Friday,3,0
1113,2026-01-17,2026,1,1,January,17,5,Saturday,3,1
1114,2026-01-18,2026,1,1,January,18,6,Sunday,3,1
1115,2026-01-19,2026,1,1,January,19,0,Monday,4,0
1116,2026-01-20,2026,1,1,January,20,1,Tuesday,4,0
1117,2026-01-21,2026,1,1,January,21,2,Wednesday,4,0
1118,2026-01-22,2026,1,1,January,22,3,Thursday,4,0
1119,2026-01-23,2026,1,1,January,23,4,Friday,4,0
1120,2026-01-24,2026,1,1,January,24,5,Saturday,4,1
1121,2026-01-25,2026,1,1,January,25,6,Sunday,4,1
1122,2026-01-26,2026,1,1,January,26,0,Monday,5,0
1123,2026-01-27,2026,1,1,January,27,1,Tuesday,5,0
1124,2026-01-28,2026,1,1,January,28,2,Wednesday,5,0
1125,2026-01-29,2026,1,1,January,29,3,Thursday,5,0
1126,2026-01-30,2026,1,1,January,30,4,Friday,5,0
1127,2026-01-31,2026,1,1,January,31,5,Saturday,5,1
1128,2026-02-01,2026,1,2,February,1,6,Sunday,5,1
1129,2026-02-02,2026,1,2,February,2,0,Monday,6,0
1130,2026-02-03,2026,1,2,February,3,1,Tuesday,6,0
1131,2026-02-04,2026,1,2,February,4,2,Wednesday,6,0
1132,2026-02-05,2026,1,2,February,5,3,Thursday,6,0
1133,2026-02-06,2026,1,2,February,6,4,Friday,6,0
1134,2026-02-07,2026,1,2,February,7,5,Saturday,6,1
1135,2026-02-08,2026,1,2,February,8,6,Sunday,6,1
1136,2026-02-09,2026,1,2,February,9,0,Monday,7,0
1137,2026-02-10,2026,1,2,February,10,1,Tuesday,7,0
1138,2026-02-11,2026,1,2,February,11,2,Wednesday,7,0
1139,2026-02-12,2026,1,2,February,12,3,Thursday,7,0
1140,2026-02-13,2026,1,2,February,13,4,Friday,7,0
1141,2026-02-14,2026,1,2,February,14,5,Saturday,7,1
1142,2026-02-15,2026,1,2,February,15,6,Sunday,7,1
1143,2026-02-16,2026,1,2,February,16,0,Monday,8,0
1144,2026-02-17,2026,1,2,February,17,1,Tuesday,8,0
1145,2026-02-18,2026,1,2,February,18,2,Wednesday,8,0
1146,2026-02-19,2026,1,2,February,19,3,Thursday,8,0
1147,2026-02-20,2026,1,2,February,20,4,Friday,8,0
1148,2026-02-21,2026,1,2,February,21,5,Saturday,8,1
1149,2026-02-22,2026,1,2,February,22,6,Sunday,8,1
1150,2026-02-23,2026,1,2,February,23,0,Monday,9,0
1151,2026-02-24,2026,1,2,February,24,1,Tuesday,9,0
1152,2026-02-25,2026,1,2,February,25,2,Wednesday,9,0
1153,2026-02-26,2026,1,2,February,26,3,Thursday,9,0
1154,2026-02-27,2026,1,2,February,27,4,Friday,9,0
1155,2026-02-28,2026,1,2,February,28,5,Saturday,9,1
1156,2026-03-01,2026,1,3,March,1,6,Sunday,9,1
1157,2026-03-02,2026,1,3,March,2,0,Monday,10,0
1158,2026-03-03,2026,1,3,March,3,1,Tuesday,10,0
1159,2026-03-04,2026,1,3,March,4,2,Wednesday,10,0
1160,2026-03-05,2026,1,3,March,5,3,Thursday,10,0
1161,2026-03-06,2026,1,3,March,6,4,Friday,10,0
1162,2026-03-07,2026,1,3,March,7,5,Saturday,10,1
1163,2026-03-08,2026,1,3,March,8,6,Sunday,10,1
1164,2026-03-09,2026,1,3,March,9,0,Monday,11,0
1165,2026-03-10,2026,1,3,March,10,1,Tuesday,11,0
1166,2026-03-11,2026,1,3,March,11,2,Wednesday,11,0
1167,2026-03-12,2026,1,3,March,12,3,Thursday,11,0
1168,2026-03-13,2026,1,3,March,13,4,Friday,11,0
1169,2026-03-14,2026,1,3,March,14,5,Saturday,11,1
1170,2026-03-15,2026,1,3,March,15,6,Sunday,11,1
1171,2026-03-16,2026,1,3,March,16,0,Monday,12,0
1172,2026-03-17,2026,1,3,March,17,1,Tuesday,12,0
1173,2026-03-18,2026,1,3,March,18,2,Wednesday,12,0
1174,2026-03-19,2026,1,3,March,19,3,Thursday,12,0
1175,2026-03-20,2026,1,3,March,20,4,Friday,12,0
1176,2026-03-21,2026,1,3,March,21,5,Saturday,12,1
1177,2026-03-22,2026,1,3,March,22,6,Sunday,12,1
1178,2026-03-23,2026,1,3,March,23,0,Monday,13,0
1179,2026-03-24,2026,1,3,March,24,1,Tuesday,13,0
1180,2026-03-25,2026,1,3,March,25,2,Wednesday,13,0
1181,2026-03-26,2026,1,3,March,26,3,Thursday,13,0
1182,2026-03-27,2026,1,3,March,27,4,Friday,13,0
1183,2026-03-28,2026,1,3,March,28,5,Saturday,13,1
1184,2026-03-29,2026,1,3,March,29,6,Sunday,13,1
1185,2026-03-30,2026,1,3,March,30,0,Monday,14,0
1186,2026-03-31,2026,1,3,March,31,1,Tuesday,14,0
1187,2026-04-01,2026,2,4,April,1,2,Wednesday,14,0
1188,2026-04-02,2026,2,4,April,2,3,Thursday,14,0
1189,2026-04-03,2026,2,4,April,3,4,Friday,14,0
1190,2026-04-04,2026,2,4,April,4,5,Saturday,14,1
1191,2026-04-05,2026,2,4,April,5,6,Sunday,14,1
1192,2026-04-06,2026,2,4,April,6,0,Monday,15,0
1193,2026-04-07,2026,2,4,April,7,1,Tuesday,15,0
1194,2026-04-08,2026,2,4,April,8,2,Wednesday,15,0
1195,2026-04-09,2026,2,4,April,9,3,Thursday,15,0
1196,2026-04-10,2026,2,4,April,10,4,Friday,15,0
1197,2026-04-11,2026,2,4,April,11,5,Saturday,15,1
1198,2026-04-12,2026,2,4,April,12,6,Sunday,15,1
1199,2026-04-13,2026,2,4,April,13,0,Monday,16,0
1200,2026-04-14,2026,2,4,April,14,1,Tuesday,16,0
1201,2026-04-15,2026,2,4,April,15,2,Wednesday,16,0
1202,2026-04-16,2026,2,4,April,16,3,Thursday,16,0
1203,2026-04-17,2026,2,4,April,17,4,Friday,16,0
1204,2026-04-18,2026,2,4,April,18,5,Saturday,16,1
1205,2026-04-19,2026,2,4,April,19,6,Sunday,16,1
1206,2026-04-20,2026,2,4,April,20,0,Monday,17,0
1207,2026-04-21,2026,2,4,April,21,1,Tuesday,17,0
1208,2026-04-22,2026,2,4,April,22,2,Wednesday,17,0
1209,2026-04-23,2026,2,4,April,23,3,Thursday,17,0
1210,2026-04-24,2026,2,4,April,24,4,Friday,17,0
1211,2026-04-25,2026,2,4,April,25,5,Saturday,17,1
1212,2026-04-26,2026,2,4,April,26,6,Sunday,17,1
1213,2026-04-27,2026,2,4,April,27,0,Monday,18,0
1214,2026-04-28,2026,2,4,April,28,1,Tuesday,18,0
1215,2026-04-29,2026,2,4,April,29,2,Wednesday,18,0
1216,2026-04-30,2026,2,4,April,30,3,Thursday,18,0
1217,2026-05-01,2026,2,5,May,1,4,Friday,18,0
1218,2026-05-02,2026,2,5,May,2,5,Saturday,18,1
1219,2026-05-03,2026,2,5,May,3,6,Sunday,18,1
1220,2026-05-04,2026,2,5,May,4,0,Monday,19,0
1221,2026-05-05,2026,2,5,May,5,1,Tuesday,19,0
1222,2026-05-06,2026,2,5,May,6,2,Wednesday,19,0
1223,2026-05-07,2026,2,5,May,7,3,Thursday,19,0
1224,2026-05-08,2026,2,5,May,8,4,Friday,19,0
1225,2026-05-09,2026,2,5,May,9,5,Saturday,19,1
1226,2026-05-10,2026,2,5,May,10,6,Sunday,19,1
1227,2026-05-11,2026,2,5,May,11,0,Monday,20,0
1228,2026-05-12,2026,2,5,May,12,1,Tuesday,20,0
1229,2026-05-13,2026,2,5,May,13,2,Wednesday,20,0
1230,2026-05-14,2026,2,5,May,14,3,Thursday,20,0
1231,2026-05-15,2026,2,5,May,15,4,Friday,20,0
1232,2026-05-16,2026,2,5,May,16,5,Saturday,20,1
1233,2026-05-17,2026,2,5,May,17,6,Sunday,20,1
1234,2026-05-18,2026,2,5,May,18,0,Monday,21,0
1235,2026-05-19,2026,2,5,May,19,1,Tuesday,21,0
1236,2026-05-20,2026,2,5,May,20,2,Wednesday,21,0
1237,2026-05-21,2026,2,5,May,21,3,Thursday,21,0
1238,2026-05-22,2026,2,5,May,22,4,Friday,21,0
1239,2026-05-23,2026,2,5,May,23,5,Saturday,21,1
1240,2026-05-24,2026,2,5,May,24,6,Sunday,21,1
1241,2026-05-25,2026,2,5,May,25,0,Monday,22,0
1242,2026-05-26,2026,2,5,May,26,1,Tuesday,22,0
1243,2026-05-27,2026,2,5,May,27,2,Wednesday,22,0
1244,2026-05-28,2026,2,5,May,28,3,Thursday,22,0
1245,2026-05-29,2026,2,5,May,29,4,Friday,22,0
1246,2026-05-30,2026,2,5,May,30,5,Saturday,22,1
1247,2026-05-31,2026,2,5,May,31,6,Sunday,22,1
1248,2026-06-01,2026,2,6,June,1,0,Monday,23,0
1249,2026-06-02,2026,2,6,June,2,1,Tuesday,23,0
1250,2026-06-03,2026,2,6,June,3,2,Wednesday,23,0
1251,2026-06-04,2026,2,6,June,4,3,Thursday,23,0
1252,2026-06-05,2026,2,6,June,5,4,Friday,23,0
1253,2026-06-06,2026,2,6,June,6,5,Saturday,23,1
1254,2026-06-07,2026,2,6,June,7,6,Sunday,23,1
1255,2026-06-08,2026,2,6,June,8,0,Monday,24,0
1256,2026-06-09,2026,2,6,June,9,1,Tuesday,24,0
1257,2026-06-10,2026,2,6,June,10,2,Wednesday,24,0
1258,2026-06-11,2026,2,6,June,11,3,Thursday,24,0
1259,2026-06-12,2026,2,6,June,12,4,Friday,24,0
1260,2026-06-13,2026,2,6,June,13,5,Saturday,24,1
1261,2026-06-14,2026,2,6,June,14,6,Sunday,24,1
1262,2026-06-15,2026,2,6,June,15,0,Monday,25,0
1263,2026-06-16,2026,2,6,June,16,1,Tuesday,25,0
1264,2026-06-17,2026,2,6,June,17,2,Wednesday,25,0
1265,2026-06-18,2026,2,6,June,18,3,Thursday,25,0
1266,2026-06-19,2026,2,6,June,19,4,Friday,25,0
1267,2026-06-20,2026,2,6,June,20,5,Saturday,25,1
1268,2026-06-21,2026,2,6,June,21,6,Sunday,25,1
1269,2026-06-22,2026,2,6,June,22,0,Monday,26,0
1270,2026-06-23,2026,2,6,June,23,1,Tuesday,26,0
1271,2026-06-24,2026,2,6,June,24,2,Wednesday,26,0
1272,2026-06-25,2026,2,6,June,25,3,Thursday,26,0
1273,2026-06-26,2026,2,6,June,26,4,Friday,26,0
1274,2026-06-27,2026,2,6,June,27,5,Saturday,26,1
1275,2026-06-28,2026,2,6,June,28,6,Sunday,26,1
1276,2026-06-29,2026,2,6,June,29,0,Monday,27,0
1277,2026-06-30,2026,2,6,June,30,1,Tuesday,27,0
1278,2026-07-01,2026,3,7,July,1,2,Wednesday,27,0
1279,2026-07-02,2026,3,7,July,2,3,Thursday,27,0
1280,2026-07-03,2026,3,7,July,3,4,Friday,27,0
1281,2026-07-04,2026,3,7,July,4,5,Saturday,27,1
1282,2026-07-05,2026,3,7,July,5,6,Sunday,27,1
1283,2026-07-06,2026,3,7,July,6,0,Monday,28,0
1284,2026-07-07,2026,3,7,July,7,1,Tuesday,28,0
1285,2026-07-08,2026,3,7,July,8,2,Wednesday,28,0
1286,2026-07-09,2026,3,7,July,9,3,Thursday,28,0
1287,2026-07-10,2026,3,7,July,10,4,Friday,28,0
1288,2026-07-11,2026,3,7,July,11,5,Saturday,28,1
1289,2026-07-12,2026,3,7,July,12,6,Sunday,28,1
1290,2026-07-13,2026,3,7,July,13,0,Monday,29,0
1291,2026-07-14,2026,3,7,July,14,1,Tuesday,29,0
1292,2026-07-15,2026,3,7,July,15,2,Wednesday,29,0
1293,2026-07-16,2026,3,7,July,16,3,Thursday,29,0
1294,2026-07-17,2026,3,7,July,17,4,Friday,29,0
1295,2026-07-18,2026,3,7,July,18,5,Saturday,29,1
1296,2026-07-19,2026,3,7,July,19,6,Sunday,29,1
1297,2026-07-20,2026,3,7,July,20,0,Monday,30,0
1298,2026-07-21,2026,3,7,July,21,1,Tuesday,30,0
1299,2026-07-22,2026,3,7,July,22,2,Wednesday,30,0
1300,2026-07-23,2026,3,7,July,23,3,Thursday,30,0
1301,2026-07-24,2026,3,7,July,24,4,Friday,30,0
1302,2026-07-25,2026,3,7,July,25,5,Saturday,30,1
1303,2026-07-26,2026,3,7,July,26,6,Sunday,30,1
1304,2026-07-27,2026,3,7,July,27,0,Monday,31,0
1305,2026-07-28,2026,3,7,July,28,1,Tuesday,31,0
1306,2026-07-29,2026,3,7,July,29,2,Wednesday,31,0
1307,2026-07-30,2026,3,7,July,30,3,Thursday,31,0
1308,2026-07-31,2026,3,7,July,31,4,Friday,31,0
1309,2026-08-01,2026,3,8,August,1,5,Saturday,31,1
1310,2026-08-02,2026,3,8,August,2,6,Sunday,31,1
1311,2026-08-03,2026,3,8,August,3,0,Monday,32,0
1312,2026-08-04,2026,3,8,August,4,1,Tuesday,32,0
1313,2026-08-05,2026,3,8,August,5,2,Wednesday,32,0
1314,2026-08-06,2026,3,8,August,6,3,Thursday,32,0
1315,2026-08-07,2026,3,8,August,7,4,Friday,32,0
1316,2026-08-08,2026,3,8,August,8,5,Saturday,32,1
1317,2026-08-09,2026,3,8,August,9,6,Sunday,32,1
1318,2026-08-10,2026,3,8,August,10,0,Monday,33,0
1319,2026-08-11,2026,3,8,August,11,1,Tuesday,33,0
1320,2026-08-12,2026,3,8,August,12,2,Wednesday,33,0
1321,2026-08-13,2026,3,8,August,13,3,Thursday,33,0
1322,2026-08-14,2026,3,8,August,14,4,Friday,33,0
1323,2026-08-15,2026,3,8,August,15,5,Saturday,33,1
1324,2026-08-16,2026,3,8,August,16,6,Sunday,33,1
1325,2026-08-17,2026,3,8,August,17,0,Monday,34,0
1326,2026-08-18,2026,3,8,August,18,1,Tuesday,34,0
1327,2026-08-19,2026,3,8,August,19,2,Wednesday,34,0
1328,2026-08-20,2026,3,8,August,20,3,Thursday,34,0
1329,2026-08-21,2026,3,8,August,21,4,Friday,34,0
1330,2026-08-22,2026,3,8,August,22,5,Saturday,34,1
1331,2026-08-23,2026,3,8,August,23,6,Sunday,34,1
1332,2026-08-24,2026,3,8,August,24,0,Monday,35,0
1333,2026-08-25,2026,3,8,August,25,1,Tuesday,35,0
1334,2026-08-26,2026,3,8,August,26,2,Wednesday,35,0
1335,2026-08-27,2026,3,8,August,27,3,Thursday,35,0
1336,2026-08-28,2026,3,8,August,28,4,Friday,35,0
1337,2026-08-29,2026,3,8,August,29,5,Saturday,35,1
1338,2026-08-30,2026,3,8,August,30,6,Sunday,35,1
1339,2026-08-31,2026,3,8,August,31,0,Monday,36,0
1340,2026-09-01,2026,3,9,September,1,1,Tuesday,36,0
1341,2026-09-02,2026,3,9,September,2,2,Wednesday,36,0
1342,2026-09-03,2026,3,9,September,3,3,Thursday,36,0
1343,2026-09-04,2026,3,9,September,4,4,Friday,36,0
1344,2026-09-05,2026,3,9,September,5,5,Saturday,36,1
1345,2026-09-06,2026,3,9,September,6,6,Sunday,36,1
1346,2026-09-07,2026,3,9,September,7,0,Monday,37,0
1347,2026-09-08,2026,3,9,September,8,1,Tuesday,37,0
1348,2026-09-09,2026,3,9,September,9,2,Wednesday,37,0
1349,2026-09-10,2026,3,9,September,10,3,Thursday,37,0
1350,2026-09-11,2026,3,9,September,11,4,Friday,37,0
1351,2026-09-12,2026,3,9,September,12,5,Saturday,37,1
1352,2026-09-13,2026,3,9,September,13,6,Sunday,37,1
1353,2026-09-14,2026,3,9,September,14,0,Monday,38,0
1354,2026-09-15,2026,3,9,September,15,1,Tuesday,38,0
1355,2026-09-16,2026,3,9,September,16,2,Wednesday,38,0
1356,2026-09-17,2026,3,9,September,17,3,Thursday,38,0
1357,2026-09-18,2026,3,9,September,18,4,Friday,38,0
1358,2026-09-19,2026,3,9,September,19,5,Saturday,38,1
1359,2026-09-20,2026,3,9,September,20,6,Sunday,38,1
1360,2026-09-21,2026,3,9,September,21,0,Monday,39,0
1361,2026-09-22,2026,3,9,September,22,1,Tuesday,39,0
1362,2026-09-23,2026,3,9,September,23,2,Wednesday,39,0
1363,2026-09-24,2026,3,9,September,24,3,Thursday,39,0
1364,2026-09-25,2026,3,9,September,25,4,Friday,39,0
1365,2026-09-26,2026,3,9,September,26,5,Saturday,39,1
1366,2026-09-27,2026,3,9,September,27,6,Sunday,39,1
1367,2026-09-28,2026,3,9,September,28,0,Monday,40,0
1368,2026-09-29,2026,3,9,September,29,1,Tuesday,40,0
1369,2026-09-30,2026,3,9,September,30,2,Wednesday,40,0
1370,2026-10-01,2026,4,10,October,1,3,Thursday,40,0
1371,2026-10-02,2026,4,10,October,2,4,Friday,40,0
1372,2026-10-03,2026,4,10,October,3,5,Saturday,40,1
1373,2026-10-04,2026,4,10,October,4,6,Sunday,40,1
1374,2026-10-05,2026,4,10,October,5,0,Monday,41,0
1375,2026-10-06,2026,4,10,October,6,1,Tuesday,41,0
1376,2026-10-07,2026,4,10,October,7,2,Wednesday,41,0
1377,2026-10-08,2026,4,10,October,8,3,Thursday,41,0
1378,2026-10-09,2026,4,10,October,9,4,Friday,41,0
1379,2026-10-10,2026,4,10,October,10,5,Saturday,41,1
1380,2026-10-11,2026,4,10,October,11,6,Sunday,41,1
1381,2026-10-12,2026,4,10,October,12,0,Monday,42,0
1382,2026-10-13,2026,4,10,October,13,1,Tuesday,42,0
1383,2026-10-14,2026,4,10,October,14,2,Wednesday,42,0
1384,2026-10-15,2026,4,10,October,15,3,Thursday,42,0
1385,2026-10-16,2026,4,10,October,16,4,Friday,42,0
1386,2026-10-17,2026,4,10,October,17,5,Saturday,42,1
1387,2026-10-18,2026,4,10,October,18,6,Sunday,42,1
1388,2026-10-19,2026,4,10,October,19,0,Monday,43,0
1389,2026-10-20,2026,4,10,October,20,1,Tuesday,43,0
1390,2026-10-21,2026,4,10,October,21,2,Wednesday,43,0
1391,2026-10-22,2026,4,10,October,22,3,Thursday,43,0
1392,2026-10-23,2026,4,10,October,23,4,Friday,43,0
1393,2026-10-24,2026,4,10,October,24,5,Saturday,43,1
1394,2026-10-25,2026,4,10,October,25,6,Sunday,43,1
1395,2026-10-26,2026,4,10,October,26,0,Monday,44,0
1396,2026-10-27,2026,4,10,October,27,1,Tuesday,44,0
1397,2026-10-28,2026,4,10,October,28,2,Wednesday,44,0
1398,2026-10-29,2026,4,10,October,29,3,Thursday,44,0
1399,2026-10-30,2026,4,10,October,30,4,Friday,44,0
1400,2026-10-31,2026,4,10,October,31,5,Saturday,44,1
1401,2026-11-01,2026,4,11,November,1,6,Sunday,44,1
1402,2026-11-02,2026,4,11,November,2,0,Monday,45,0
1403,2026-11-03,2026,4,11,November,3,1,Tuesday,45,0
1404,2026-11-04,2026,4,11,November,4,2,Wednesday,45,0
1405,2026-11-05,2026,4,11,November,5,3,Thursday,45,0
1406,2026-11-06,2026,4,11,November,6,4,Friday,45,0
1407,2026-11-07,2026,4,11,November,7,5,Saturday,45,1
1408,2026-11-08,2026,4,11,November,8,6,Sunday,45,1
1409,2026-11-09,2026,4,11,November,9,0,Monday,46,0
1410,2026-11-10,2026,4,11,November,10,1,Tuesday,46,0
1411,2026-11-11,2026,4,11,November,11,2,Wednesday,46,0
1412,2026-11-12,2026,4,11,November,12,3,Thursday,46,0
1413,2026-11-13,2026,4,11,November,13,4,Friday,46,0
1414,2026-11-14,2026,4,11,November,14,5,Saturday,46,1
1415,2026-11-15,2026,4,11,November,15,6,Sunday,46,1
1416,2026-11-16,2026,4,11,November,16,0,Monday,47,0
1417,2026-11-17,2026,4,11,November,17,1,Tuesday,47,0
1418,2026-11-18,2026,4,11,November,18,2,Wednesday,47,0
1419,2026-11-19,2026,4,11,November,19,3,Thursday,47,0
1420,2026-11-20,2026,4,11,November,20,4,Friday,47,0
1421,2026-11-21,2026,4,11,November,21,5,Saturday,47,1
1422,2026-11-22,2026,4,11,November,22,6,Sunday,47,1
1423,2026-11-23,2026,4,11,November,23,0,Monday,48,0
1424,2026-11-24,2026,4,11,November,24,1,Tuesday,48,0
1425,2026-11-25,2026,4,11,November,25,2,Wednesday,48,0
1426,2026-11-26,2026,4,11,November,26,3,Thursday,48,0
1427,2026-11-27,2026,4,11,November,27,4,Friday,48,0
1428,2026-11-28,2026,4,11,November,28,5,Saturday,48,1
1429,2026-11-29,2026,4,11,November,29,6,Sunday,48,1
1430,2026-11-30,2026,4,11,November,30,0,Monday,49,0
1431,2026-12-01,2026,4,12,December,1,1,Tuesday,49,0
1432,2026-12-02,2026,4,12,December,2,2,Wednesday,49,0
1433,2026-12-03,2026,4,12,December,3,3,Thursday,49,0
1434,2026-12-04,2026,4,12,December,4,4,Friday,49,0
1435,2026-12-05,2026,4,12,December,5,5,Saturday,49,1
1436,2026-12-06,2026,4,12,December,6,6,Sunday,49,1
1437,2026-12-07,2026,4,12,December,7,0,Monday,50,0
1438,2026-12-08,2026,4,12,December,8,1,Tuesday,50,0
1439,2026-12-09,2026,4,12,December,9,2,Wednesday,50,0
1440,2026-12-10,2026,4,12,December,10,3,Thursday,50,0
1441,2026-12-11,2026,4,12,December,11,4,Friday,50,0
1442,2026-12-12,2026,4,12,December,12,5,Saturday,50,1
1443,2026-12-13,2026,4,12,December,13,6,Sunday,50,1
1444,2026-12-14,2026,4,12,December,14,0,Monday,51,0
1445,2026-12-15,2026,4,12,December,15,1,Tuesday,51,0
1446,2026-12-16,2026,4,12,December,16,2,Wednesday,51,0
1447,2026-12-17,2026,4,12,December,17,3,Thursday,51,0
1448,2026-12-18,2026,4,12,December,18,4,Friday,51,0
1449,2026-12-19,2026,4,12,December,19,5,Saturday,51,1
1450,2026-12-20,2026,4,12,December,20,6,Sunday,51,1
1451,2026-12-21,2026,4,12,December,21,0,Monday,52,0
1452,2026-12-22,2026,4,12,December,22,1,Tuesday,52,0
1453,2026-12-23,2026,4,12,December,23,2,Wednesday,52,0
1454,2026-12-24,2026,4,12,December,24,3,Thursday,52,0
1455,2026-12-25,2026,4,12,December,25,4,Friday,52,0
1456,2026-12-26,2026,4,12,December,26,5,Saturday,52,1
1457,2026-12-27,2026,4,12,December,27,6,Sunday,52,1
1458,2026-12-28,2026,4,12,December,28,0,Monday,53,0
1459,2026-12-29,2026,4,12,December,29,1,Tuesday,53,0
1460,2026-12-30,2026,4,12,December,30,2,Wednesday,53,0
1461,2026-12-31,2026,4,12,December,31,3,Thursday,53,0
